"species","fishreg","aquaenv","unit","geo","time","values"
"F00","0","TOTAL","TLW","AL","2007",2008
"F00","0","TOTAL","TLW","AT","2007",2539
"F00","0","TOTAL","TLW","BA","2007",7620
"F00","0","TOTAL","TLW","BE","2007",188
"F00","0","TOTAL","TLW","BG","2007",4433
"F00","0","TOTAL","TLW","CH","2007",1217
"F00","0","TOTAL","TLW","CY","2007",3200
"F00","0","TOTAL","TLW","CZ","2007",20447
"F00","0","TOTAL","TLW","CZ_SK","2007",21646
"F00","0","TOTAL","TLW","DE","2007",44999
"F00","0","TOTAL","TLW","DK","2007",31369
"F00","0","TOTAL","TLW","EE","2007",779
"F00","0","TOTAL","TLW","EEA18","2007",2036397
"F00","0","TOTAL","TLW","EEA28","2007",2126244
"F00","0","TOTAL","TLW","EEA30","2007",2140991
"F00","0","TOTAL","TLW","EFTA","2007",836230
"F00","0","TOTAL","TLW","EL","2007",113259
"F00","0","TOTAL","TLW","ES","2007",283747
"F00","0","TOTAL","TLW","EU15","2007",1200699
"F00","0","TOTAL","TLW","EU25","2007",1291231
"F00","0","TOTAL","TLW","EU27","2007",1305978
"F00","0","TOTAL","TLW","EX_YU","2007",16708
"F00","0","TOTAL","TLW","FI","2007",13031
"F00","0","TOTAL","TLW","FO","2007",29954
"F00","0","TOTAL","TLW","FR","2007",237663
"F00","0","TOTAL","TLW","HR","2007",12884
"F00","0","TOTAL","TLW","HU","2007",15922
"F00","0","TOTAL","TLW","IE","2007",52504
"F00","0","TOTAL","TLW","IS","2007",4823
"F00","0","TOTAL","TLW","IT","2007",180991
"F00","0","TOTAL","TLW","LT","2007",3377
"F00","0","TOTAL","TLW","LV","2007",728
"F00","0","TOTAL","TLW","ME","2007",11
"F00","0","TOTAL","TLW","MK","2007",1096
"F00","0","TOTAL","TLW","MT","2007",8598
"F00","0","TOTAL","TLW","NL","2007",53371
"F00","0","TOTAL","TLW","NO","2007",830190
"F00","0","TOTAL","TLW","PL","2007",34928
"F00","0","TOTAL","TLW","PT","2007",7473
"F00","0","TOTAL","TLW","RO","2007",10314
"F00","0","TOTAL","TLW","RS","2007",6528
"F00","0","TOTAL","TLW","SE","2007",5365
"F00","0","TOTAL","TLW","SI","2007",1354
"F00","0","TOTAL","TLW","SK","2007",1199
"F00","0","TOTAL","TLW","TR","2007",140021
"F00","0","TOTAL","TLW","UK","2007",174200
"F00","0","TOTAL","TLW","AL","2006",1970
"F00","0","TOTAL","TLW","AT","2006",2503
"F00","0","TOTAL","TLW","BA","2006",7621
"F00","0","TOTAL","TLW","BE","2006",188
"F00","0","TOTAL","TLW","BG","2006",3257
"F00","0","TOTAL","TLW","CH","2006",1214
"F00","0","TOTAL","TLW","CY","2006",3607
"F00","0","TOTAL","TLW","CZ","2006",20431
"F00","0","TOTAL","TLW","CZ_SK","2006",21693
"F00","0","TOTAL","TLW","DE","2006",37681
"F00","0","TOTAL","TLW","DK","2006",27906
"F00","0","TOTAL","TLW","EE","2006",703
"F00","0","TOTAL","TLW","EEA18","2006",1900580
"F00","0","TOTAL","TLW","EEA28","2006",1988600
"F00","0","TOTAL","TLW","EEA30","2006",2000966
"F00","0","TOTAL","TLW","EFTA","2006",718819
"F00","0","TOTAL","TLW","EL","2006",113307
"F00","0","TOTAL","TLW","ES","2006",294048
"F00","0","TOTAL","TLW","EU15","2006",1183115
"F00","0","TOTAL","TLW","EU25","2006",1270996
"F00","0","TOTAL","TLW","EU27","2006",1283362
"F00","0","TOTAL","TLW","EX_YU","2006",14674
"F00","0","TOTAL","TLW","FI","2006",12891
"F00","0","TOTAL","TLW","FO","2006",18574
"F00","0","TOTAL","TLW","FR","2006",238400
"F00","0","TOTAL","TLW","HR","2006",13556
"F00","0","TOTAL","TLW","HU","2006",14686
"F00","0","TOTAL","TLW","IE","2006",53122
"F00","0","TOTAL","TLW","IS","2006",8801
"F00","0","TOTAL","TLW","IT","2006",173579
"F00","0","TOTAL","TLW","LT","2006",2224
"F00","0","TOTAL","TLW","LV","2006",567
"F00","0","TOTAL","TLW","ME","2006",11
"F00","0","TOTAL","TLW","MK","2006",646
"F00","0","TOTAL","TLW","MT","2006",7165
"F00","0","TOTAL","TLW","NL","2006",42200
"F00","0","TOTAL","TLW","NO","2006",708803
"F00","0","TOTAL","TLW","PL","2006",35867
"F00","0","TOTAL","TLW","PT","2006",7894
"F00","0","TOTAL","TLW","RO","2006",9109
"F00","0","TOTAL","TLW","RS","2006",4904
"F00","0","TOTAL","TLW","SE","2006",7549
"F00","0","TOTAL","TLW","SI","2006",1367
"F00","0","TOTAL","TLW","SK","2006",1264
"F00","0","TOTAL","TLW","TR","2006",129025
"F00","0","TOTAL","TLW","UK","2006",171847
"F00","0","TOTAL","TLW","AL","2005",1473
"F00","0","TOTAL","TLW","AT","2005",2420
"F00","0","TOTAL","TLW","BA","2005",7070
"F00","0","TOTAL","TLW","BE","2005",414
"F00","0","TOTAL","TLW","BG","2005",3145
"F00","0","TOTAL","TLW","CH","2005",1214
"F00","0","TOTAL","TLW","CY","2005",2387
"F00","0","TOTAL","TLW","CZ","2005",20455
"F00","0","TOTAL","TLW","CZ_SK","2005",21410
"F00","0","TOTAL","TLW","DE","2005",44685
"F00","0","TOTAL","TLW","DK","2005",39012
"F00","0","TOTAL","TLW","EE","2005",555
"F00","0","TOTAL","TLW","EEA18","2005",1839727
"F00","0","TOTAL","TLW","EEA28","2005",1926591
"F00","0","TOTAL","TLW","EEA30","2005",1937020
"F00","0","TOTAL","TLW","EFTA","2005",671350
"F00","0","TOTAL","TLW","EL","2005",106268
"F00","0","TOTAL","TLW","ES","2005",221271
"F00","0","TOTAL","TLW","EU15","2005",1171495
"F00","0","TOTAL","TLW","EU25","2005",1256455
"F00","0","TOTAL","TLW","EU27","2005",1266884
"F00","0","TOTAL","TLW","EX_YU","2005",24942
"F00","0","TOTAL","TLW","FI","2005",14355
"F00","0","TOTAL","TLW","FO","2005",23455
"F00","0","TOTAL","TLW","FR","2005",245160
"F00","0","TOTAL","TLW","GG_JE","2005",650
"F00","0","TOTAL","TLW","HR","2005",11104
"F00","0","TOTAL","TLW","HU","2005",13661
"F00","0","TOTAL","TLW","IE","2005",60050
"F00","0","TOTAL","TLW","IS","2005",8325
"F00","0","TOTAL","TLW","IT","2005",181101
"F00","0","TOTAL","TLW","LT","2005",2013
"F00","0","TOTAL","TLW","LV","2005",542
"F00","0","TOTAL","TLW","MK","2005",868
"F00","0","TOTAL","TLW","MT","2005",5126
"F00","0","TOTAL","TLW","NL","2005",71370
"F00","0","TOTAL","TLW","NO","2005",661811
"F00","0","TOTAL","TLW","PL","2005",37920
"F00","0","TOTAL","TLW","PT","2005",6696
"F00","0","TOTAL","TLW","RO","2005",7284
"F00","0","TOTAL","TLW","RS_ME","2005",4554
"F00","0","TOTAL","TLW","SE","2005",5880
"F00","0","TOTAL","TLW","SI","2005",1346
"F00","0","TOTAL","TLW","SK","2005",955
"F00","0","TOTAL","TLW","TR","2005",119567
"F00","0","TOTAL","TLW","UK","2005",172813
"F00","0","TOTAL","TLW","AL","2004",1569
"F00","0","TOTAL","TLW","AT","2004",2267
"F00","0","TOTAL","TLW","BA","2004",6394
"F00","0","TOTAL","TLW","BE","2004",739
"F00","0","TOTAL","TLW","BG","2004",2489
"F00","0","TOTAL","TLW","CH","2004",1205
"F00","0","TOTAL","TLW","CY","2004",2175
"F00","0","TOTAL","TLW","CZ","2004",19384
"F00","0","TOTAL","TLW","CZ_SK","2004",20564
"F00","0","TOTAL","TLW","DE","2004",57233
"F00","0","TOTAL","TLW","DK","2004",42814
"F00","0","TOTAL","TLW","EE","2004",252
"F00","0","TOTAL","TLW","EEA18","2004",1869878
"F00","0","TOTAL","TLW","EEA28","2004",1950310
"F00","0","TOTAL","TLW","EEA30","2004",1960936
"F00","0","TOTAL","TLW","EFTA","2004",647010
"F00","0","TOTAL","TLW","EL","2004",97143
"F00","0","TOTAL","TLW","ES","2004",297204
"F00","0","TOTAL","TLW","EU15","2004",1227958
"F00","0","TOTAL","TLW","EU25","2004",1304505
"F00","0","TOTAL","TLW","EU27","2004",1315131
"F00","0","TOTAL","TLW","EX_YU","2004",23907
"F00","0","TOTAL","TLW","FI","2004",12821
"F00","0","TOTAL","TLW","FO","2004",46077
"F00","0","TOTAL","TLW","FR","2004",242671
"F00","0","TOTAL","TLW","GG_JE","2004",775
"F00","0","TOTAL","TLW","HR","2004",10367
"F00","0","TOTAL","TLW","HU","2004",12744
"F00","0","TOTAL","TLW","IE","2004",58359
"F00","0","TOTAL","TLW","IS","2004",9003
"F00","0","TOTAL","TLW","IT","2004",118217
"F00","0","TOTAL","TLW","LT","2004",2697
"F00","0","TOTAL","TLW","LV","2004",545
"F00","0","TOTAL","TLW","MK","2004",959
"F00","0","TOTAL","TLW","MT","2004",868
"F00","0","TOTAL","TLW","NL","2004",78598
"F00","0","TOTAL","TLW","NO","2004",636802
"F00","0","TOTAL","TLW","PL","2004",35131
"F00","0","TOTAL","TLW","PT","2004",6700
"F00","0","TOTAL","TLW","RO","2004",8137
"F00","0","TOTAL","TLW","RS_ME","2004",4616
"F00","0","TOTAL","TLW","SE","2004",5989
"F00","0","TOTAL","TLW","SI","2004",1571
"F00","0","TOTAL","TLW","SK","2004",1180
"F00","0","TOTAL","TLW","TR","2004",94450
"F00","0","TOTAL","TLW","UK","2004",207203
"F00","0","TOTAL","TLW","AL","2003",1473
"F00","0","TOTAL","TLW","AT","2003",2233
"F00","0","TOTAL","TLW","BA","2003",6635
"F00","0","TOTAL","TLW","BE","2003",1261
"F00","0","TOTAL","TLW","BG","2003",4465
"F00","0","TOTAL","TLW","CH","2003",1100
"F00","0","TOTAL","TLW","CY","2003",1821
"F00","0","TOTAL","TLW","CZ","2003",19670
"F00","0","TOTAL","TLW","CZ_SK","2003",20551
"F00","0","TOTAL","TLW","DE","2003",74280
"F00","0","TOTAL","TLW","DK","2003",37772
"F00","0","TOTAL","TLW","EE","2003",372
"F00","0","TOTAL","TLW","EEA18","2003",1845141
"F00","0","TOTAL","TLW","EEA28","2003",1923964
"F00","0","TOTAL","TLW","EEA30","2003",1937471
"F00","0","TOTAL","TLW","EFTA","2003",591737
"F00","0","TOTAL","TLW","EL","2003",101434
"F00","0","TOTAL","TLW","ES","2003",271741
"F00","0","TOTAL","TLW","EU15","2003",1258044
"F00","0","TOTAL","TLW","EU25","2003",1333327
"F00","0","TOTAL","TLW","EU27","2003",1346834
"F00","0","TOTAL","TLW","EX_YU","2003",20479
"F00","0","TOTAL","TLW","FI","2003",12558
"F00","0","TOTAL","TLW","FO","2003",62746
"F00","0","TOTAL","TLW","FR","2003",239620
"F00","0","TOTAL","TLW","GG_JE","2003",684
"F00","0","TOTAL","TLW","HR","2003",8387
"F00","0","TOTAL","TLW","HU","2003",11870
"F00","0","TOTAL","TLW","IE","2003",62516
"F00","0","TOTAL","TLW","IS","2003",6214
"F00","0","TOTAL","TLW","IT","2003",191884
"F00","0","TOTAL","TLW","LT","2003",2356
"F00","0","TOTAL","TLW","LV","2003",637
"F00","0","TOTAL","TLW","MK","2003",910
"F00","0","TOTAL","TLW","MT","2003",887
"F00","0","TOTAL","TLW","NL","2003",66540
"F00","0","TOTAL","TLW","NO","2003",584423
"F00","0","TOTAL","TLW","PL","2003",35436
"F00","0","TOTAL","TLW","PT","2003",8033
"F00","0","TOTAL","TLW","RO","2003",9042
"F00","0","TOTAL","TLW","RS_ME","2003",3194
"F00","0","TOTAL","TLW","SE","2003",6334
"F00","0","TOTAL","TLW","SI","2003",1353
"F00","0","TOTAL","TLW","SK","2003",881
"F00","0","TOTAL","TLW","TR","2003",79943
"F00","0","TOTAL","TLW","UK","2003",181838
"F00","0","TOTAL","TLW","AL","2002",860
"F00","0","TOTAL","TLW","AT","2002",2333
"F00","0","TOTAL","TLW","BA","2002",4685
"F00","0","TOTAL","TLW","BE","2002",1834
"F00","0","TOTAL","TLW","BG","2002",2308
"F00","0","TOTAL","TLW","CH","2002",1135
"F00","0","TOTAL","TLW","CY","2002",1862
"F00","0","TOTAL","TLW","CZ","2002",19210
"F00","0","TOTAL","TLW","CZ_SK","2002",20039
"F00","0","TOTAL","TLW","DE","2002",49852
"F00","0","TOTAL","TLW","DK","2002",32026
"F00","0","TOTAL","TLW","EE","2002",257
"F00","0","TOTAL","TLW","EEA18","2002",1744707
"F00","0","TOTAL","TLW","EEA28","2002",1819529
"F00","0","TOTAL","TLW","EEA30","2002",1831085
"F00","0","TOTAL","TLW","EFTA","2002",556017
"F00","0","TOTAL","TLW","EL","2002",87928
"F00","0","TOTAL","TLW","ES","2002",258522
"F00","0","TOTAL","TLW","EU15","2002",1193621
"F00","0","TOTAL","TLW","EU25","2002",1264647
"F00","0","TOTAL","TLW","EU27","2002",1276203
"F00","0","TOTAL","TLW","EX_YU","2002",19174
"F00","0","TOTAL","TLW","FI","2002",15132
"F00","0","TOTAL","TLW","FO","2002",56102
"F00","0","TOTAL","TLW","FR","2002",251770
"F00","0","TOTAL","TLW","GG_JE","2002",580
"F00","0","TOTAL","TLW","HR","2002",8991
"F00","0","TOTAL","TLW","HU","2002",11574
"F00","0","TOTAL","TLW","IE","2002",62568
"F00","0","TOTAL","TLW","IS","2002",3585
"F00","0","TOTAL","TLW","IT","2002",184285
"F00","0","TOTAL","TLW","LT","2002",1750
"F00","0","TOTAL","TLW","LV","2002",430
"F00","0","TOTAL","TLW","MK","2002",883
"F00","0","TOTAL","TLW","MT","2002",1116
"F00","0","TOTAL","TLW","NL","2002",54429
"F00","0","TOTAL","TLW","NO","2002",551297
"F00","0","TOTAL","TLW","PL","2002",32709
"F00","0","TOTAL","TLW","PT","2002",8288
"F00","0","TOTAL","TLW","RO","2002",9248
"F00","0","TOTAL","TLW","RS_ME","2002",3326
"F00","0","TOTAL","TLW","SE","2002",5618
"F00","0","TOTAL","TLW","SI","2002",1289
"F00","0","TOTAL","TLW","SK","2002",829
"F00","0","TOTAL","TLW","TR","2002",61165
"F00","0","TOTAL","TLW","UK","2002",179036
"F00","0","TOTAL","TLW","AL","2001",286
"F00","0","TOTAL","TLW","AT","2001",2393
"F00","0","TOTAL","TLW","BE","2001",1830
"F00","0","TOTAL","TLW","BG","2001",2938
"F00","0","TOTAL","TLW","CH","2001",1135
"F00","0","TOTAL","TLW","CY","2001",1883
"F00","0","TOTAL","TLW","CZ","2001",20098
"F00","0","TOTAL","TLW","CZ_SK","2001",21097
"F00","0","TOTAL","TLW","DE","2001",53409
"F00","0","TOTAL","TLW","DK","2001",41573
"F00","0","TOTAL","TLW","EE","2001",467
"F00","0","TOTAL","TLW","EEA18","2001",1809955
"F00","0","TOTAL","TLW","EEA28","2001",1886879
"F00","0","TOTAL","TLW","EEA30","2001",1900635
"F00","0","TOTAL","TLW","EFTA","2001",516254
"F00","0","TOTAL","TLW","EL","2001",97512
"F00","0","TOTAL","TLW","ES","2001",308915
"F00","0","TOTAL","TLW","EU15","2001",1294836
"F00","0","TOTAL","TLW","EU25","2001",1371760
"F00","0","TOTAL","TLW","EU27","2001",1385516
"F00","0","TOTAL","TLW","EX_YU","2001",16319
"F00","0","TOTAL","TLW","FI","2001",15739
"F00","0","TOTAL","TLW","FO","2001",49167
"F00","0","TOTAL","TLW","FR","2001",251655
"F00","0","TOTAL","TLW","GG_JE","2001",487
"F00","0","TOTAL","TLW","HR","2001",10468
"F00","0","TOTAL","TLW","HU","2001",13056
"F00","0","TOTAL","TLW","IE","2001",60940
"F00","0","TOTAL","TLW","IS","2001",4371
"F00","0","TOTAL","TLW","IT","2001",218330
"F00","0","TOTAL","TLW","LT","2001",2001
"F00","0","TOTAL","TLW","LV","2001",463
"F00","0","TOTAL","TLW","MK","2001",1053
"F00","0","TOTAL","TLW","MT","2001",1235
"F00","0","TOTAL","TLW","NL","2001",57042
"F00","0","TOTAL","TLW","NO","2001",510748
"F00","0","TOTAL","TLW","PL","2001",35460
"F00","0","TOTAL","TLW","PT","2001",8209
"F00","0","TOTAL","TLW","RO","2001",10818
"F00","0","TOTAL","TLW","RS_ME","2001",3536
"F00","0","TOTAL","TLW","SE","2001",6773
"F00","0","TOTAL","TLW","SI","2001",1262
"F00","0","TOTAL","TLW","SK","2001",999
"F00","0","TOTAL","TLW","TR","2001",67244
"F00","0","TOTAL","TLW","UK","2001",170516
"F00","0","TOTAL","TLW","AL","2000",307
"F00","0","TOTAL","TLW","AT","2000",2847
"F00","0","TOTAL","TLW","BE","2000",1871
"F00","0","TOTAL","TLW","BG","2000",3654
"F00","0","TOTAL","TLW","CH","2000",1100
"F00","0","TOTAL","TLW","CY","2000",1878
"F00","0","TOTAL","TLW","CZ","2000",19475
"F00","0","TOTAL","TLW","CZ_SK","2000",20362
"F00","0","TOTAL","TLW","DE","2000",65891
"F00","0","TOTAL","TLW","DK","2000",43609
"F00","0","TOTAL","TLW","EE","2000",225
"F00","0","TOTAL","TLW","EEA18","2000",1803684
"F00","0","TOTAL","TLW","EEA28","2000",1880078
"F00","0","TOTAL","TLW","EEA30","2000",1893459
"F00","0","TOTAL","TLW","EFTA","2000",496052
"F00","0","TOTAL","TLW","EL","2000",95418
"F00","0","TOTAL","TLW","ES","2000",309035
"F00","0","TOTAL","TLW","EU15","2000",1308732
"F00","0","TOTAL","TLW","EU25","2000",1385126
"F00","0","TOTAL","TLW","EU27","2000",1398507
"F00","0","TOTAL","TLW","EX_YU","2000",13397
"F00","0","TOTAL","TLW","FI","2000",15400
"F00","0","TOTAL","TLW","FO","2000",34823
"F00","0","TOTAL","TLW","FR","2000",266802
"F00","0","TOTAL","TLW","GG_JE","2000",390
"F00","0","TOTAL","TLW","HR","2000",6876
"F00","0","TOTAL","TLW","HU","2000",12886
"F00","0","TOTAL","TLW","IE","2000",51247
"F00","0","TOTAL","TLW","IS","2000",3623
"F00","0","TOTAL","TLW","IT","2000",216525
"F00","0","TOTAL","TLW","LT","2000",1996
"F00","0","TOTAL","TLW","LV","2000",325
"F00","0","TOTAL","TLW","MK","2000",1626
"F00","0","TOTAL","TLW","MT","2000",1746
"F00","0","TOTAL","TLW","NL","2000",75231
"F00","0","TOTAL","TLW","NO","2000",491329
"F00","0","TOTAL","TLW","PL","2000",35795
"F00","0","TOTAL","TLW","PT","2000",7537
"F00","0","TOTAL","TLW","RO","2000",9727
"F00","0","TOTAL","TLW","RS_ME","2000",3714
"F00","0","TOTAL","TLW","SE","2000",4834
"F00","0","TOTAL","TLW","SI","2000",1181
"F00","0","TOTAL","TLW","SK","2000",887
"F00","0","TOTAL","TLW","TR","2000",79031
"F00","0","TOTAL","TLW","UK","2000",152485
"F00","0","TOTAL","TLW","AL","1999",310
"F00","0","TOTAL","TLW","AT","1999",3067
"F00","0","TOTAL","TLW","BE","1999",1597
"F00","0","TOTAL","TLW","BG","1999",7780
"F00","0","TOTAL","TLW","CH","1999",1135
"F00","0","TOTAL","TLW","CY","1999",1422
"F00","0","TOTAL","TLW","CZ","1999",18775
"F00","0","TOTAL","TLW","CZ_SK","1999",19647
"F00","0","TOTAL","TLW","DE","1999",79567
"F00","0","TOTAL","TLW","DK","1999",42670
"F00","0","TOTAL","TLW","EE","1999",200
"F00","0","TOTAL","TLW","EEA18","1999",1819551
"F00","0","TOTAL","TLW","EEA28","1999",1891804
"F00","0","TOTAL","TLW","EEA30","1999",1908582
"F00","0","TOTAL","TLW","EFTA","1999",480964
"F00","0","TOTAL","TLW","EL","1999",84274
"F00","0","TOTAL","TLW","ES","1999",318185
"F00","0","TOTAL","TLW","EU15","1999",1339722
"F00","0","TOTAL","TLW","EU25","1999",1411975
"F00","0","TOTAL","TLW","EU27","1999",1428753
"F00","0","TOTAL","TLW","EX_YU","1999",13594
"F00","0","TOTAL","TLW","FI","1999",15449
"F00","0","TOTAL","TLW","FO","1999",42544
"F00","0","TOTAL","TLW","FR","1999",264857
"F00","0","TOTAL","TLW","GG_JE","1999",249
"F00","0","TOTAL","TLW","HR","1999",6313
"F00","0","TOTAL","TLW","HU","1999",11947
"F00","0","TOTAL","TLW","IE","1999",43856
"F00","0","TOTAL","TLW","IS","1999",3897
"F00","0","TOTAL","TLW","IT","1999",210368
"F00","0","TOTAL","TLW","LT","1999",1650
"F00","0","TOTAL","TLW","LV","1999",468
"F00","0","TOTAL","TLW","MK","1999",1669
"F00","0","TOTAL","TLW","MT","1999",2002
"F00","0","TOTAL","TLW","NL","1999",108760
"F00","0","TOTAL","TLW","NO","1999",475932
"F00","0","TOTAL","TLW","PL","1999",33711
"F00","0","TOTAL","TLW","PT","1999",6268
"F00","0","TOTAL","TLW","RO","1999",8998
"F00","0","TOTAL","TLW","RS_ME","1999",4406
"F00","0","TOTAL","TLW","SE","1999",6004
"F00","0","TOTAL","TLW","SI","1999",1206
"F00","0","TOTAL","TLW","SK","1999",872
"F00","0","TOTAL","TLW","TR","1999",63000
"F00","0","TOTAL","TLW","UK","1999",154800
"F00","0","TOTAL","TLW","AL","1998",124
"F00","0","TOTAL","TLW","AT","1998",2909
"F00","0","TOTAL","TLW","BE","1998",846
"F00","0","TOTAL","TLW","BG","1998",4252
"F00","0","TOTAL","TLW","CH","1998",1150
"F00","0","TOTAL","TLW","CY","1998",1178
"F00","0","TOTAL","TLW","CZ","1998",17231
"F00","0","TOTAL","TLW","CZ_SK","1998",17879
"F00","0","TOTAL","TLW","DE","1998",73020
"F00","0","TOTAL","TLW","DK","1998",42368
"F00","0","TOTAL","TLW","EE","1998",260
"F00","0","TOTAL","TLW","EEA18","1998",1712792
"F00","0","TOTAL","TLW","EEA28","1998",1776922
"F00","0","TOTAL","TLW","EEA30","1998",1790788
"F00","0","TOTAL","TLW","EFTA","1998",415775
"F00","0","TOTAL","TLW","EL","1998",59926
"F00","0","TOTAL","TLW","ES","1998",313697
"F00","0","TOTAL","TLW","EU15","1998",1298167
"F00","0","TOTAL","TLW","EU25","1998",1362297
"F00","0","TOTAL","TLW","EU27","1998",1376163
"F00","0","TOTAL","TLW","EX_YU","1998",16474
"F00","0","TOTAL","TLW","FI","1998",16024
"F00","0","TOTAL","TLW","FO","1998",20436
"F00","0","TOTAL","TLW","FR","1998",267850
"F00","0","TOTAL","TLW","GG_JE","1998",196
"F00","0","TOTAL","TLW","HR","1998",5989
"F00","0","TOTAL","TLW","HU","1998",10222
"F00","0","TOTAL","TLW","IE","1998",42375
"F00","0","TOTAL","TLW","IS","1998",3868
"F00","0","TOTAL","TLW","IT","1998",208625
"F00","0","TOTAL","TLW","LT","1998",1516
"F00","0","TOTAL","TLW","LV","1998",425
"F00","0","TOTAL","TLW","MK","1998",1257
"F00","0","TOTAL","TLW","MT","1998",1950
"F00","0","TOTAL","TLW","NL","1998",120094
"F00","0","TOTAL","TLW","NO","1998",410757
"F00","0","TOTAL","TLW","PL","1998",29791
"F00","0","TOTAL","TLW","PT","1998",7536
"F00","0","TOTAL","TLW","RO","1998",9614
"F00","0","TOTAL","TLW","RS_ME","1998",8319
"F00","0","TOTAL","TLW","SE","1998",5476
"F00","0","TOTAL","TLW","SI","1998",909
"F00","0","TOTAL","TLW","SK","1998",648
"F00","0","TOTAL","TLW","TR","1998",56700
"F00","0","TOTAL","TLW","UK","1998",137421
"F00","0","TOTAL","TLW","AL","1997",97
"F00","0","TOTAL","TLW","AT","1997",3018
"F00","0","TOTAL","TLW","BE","1997",846
"F00","0","TOTAL","TLW","BG","1997",5437
"F00","0","TOTAL","TLW","CH","1997",1150
"F00","0","TOTAL","TLW","CY","1997",969
"F00","0","TOTAL","TLW","CZ","1997",17560
"F00","0","TOTAL","TLW","CZ_SK","1997",18814
"F00","0","TOTAL","TLW","DE","1997",65433
"F00","0","TOTAL","TLW","DK","1997",39697
"F00","0","TOTAL","TLW","EE","1997",260
"F00","0","TOTAL","TLW","EEA18","1997",1546316
"F00","0","TOTAL","TLW","EEA28","1997",1608951
"F00","0","TOTAL","TLW","EEA30","1997",1625556
"F00","0","TOTAL","TLW","EFTA","1997",372430
"F00","0","TOTAL","TLW","EL","1997",48838
"F00","0","TOTAL","TLW","ES","1997",239169
"F00","0","TOTAL","TLW","EU15","1997",1175036
"F00","0","TOTAL","TLW","EU25","1997",1237671
"F00","0","TOTAL","TLW","EU27","1997",1254276
"F00","0","TOTAL","TLW","EX_YU","1997",8796
"F00","0","TOTAL","TLW","FI","1997",16426
"F00","0","TOTAL","TLW","FO","1997",22538
"F00","0","TOTAL","TLW","FR","1997",287243
"F00","0","TOTAL","TLW","GG_JE","1997",130
"F00","0","TOTAL","TLW","HR","1997",3510
"F00","0","TOTAL","TLW","HU","1997",9334
"F00","0","TOTAL","TLW","IE","1997",36854
"F00","0","TOTAL","TLW","IS","1997",3663
"F00","0","TOTAL","TLW","IT","1997",195719
"F00","0","TOTAL","TLW","LT","1997",1516
"F00","0","TOTAL","TLW","LV","1997",345
"F00","0","TOTAL","TLW","MK","1997",879
"F00","0","TOTAL","TLW","MT","1997",1800
"F00","0","TOTAL","TLW","NL","1997",98210
"F00","0","TOTAL","TLW","NO","1997",367617
"F00","0","TOTAL","TLW","PL","1997",28680
"F00","0","TOTAL","TLW","PT","1997",7185
"F00","0","TOTAL","TLW","RO","1997",11168
"F00","0","TOTAL","TLW","RS_ME","1997",3490
"F00","0","TOTAL","TLW","SE","1997",6683
"F00","0","TOTAL","TLW","SI","1997",917
"F00","0","TOTAL","TLW","SK","1997",1254
"F00","0","TOTAL","TLW","TR","1997",45450
"F00","0","TOTAL","TLW","UK","1997",129715
"F00","0","TOTAL","TLW","AL","1996",323
"F00","0","TOTAL","TLW","AT","1996",2949
"F00","0","TOTAL","TLW","BE","1996",946
"F00","0","TOTAL","TLW","BG","1996",4727
"F00","0","TOTAL","TLW","CH","1996",1161
"F00","0","TOTAL","TLW","CY","1996",787
"F00","0","TOTAL","TLW","CZ","1996",18200
"F00","0","TOTAL","TLW","CZ_SK","1996",19154
"F00","0","TOTAL","TLW","DE","1996",83237
"F00","0","TOTAL","TLW","DK","1996",41924
"F00","0","TOTAL","TLW","EE","1996",272
"F00","0","TOTAL","TLW","EEA18","1996",1476607
"F00","0","TOTAL","TLW","EEA28","1996",1536938
"F00","0","TOTAL","TLW","EEA30","1996",1555565
"F00","0","TOTAL","TLW","EFTA","1996",326364
"F00","0","TOTAL","TLW","EL","1996",39852
"F00","0","TOTAL","TLW","ES","1996",231633
"F00","0","TOTAL","TLW","EU15","1996",1151404
"F00","0","TOTAL","TLW","EU25","1996",1211735
"F00","0","TOTAL","TLW","EU27","1996",1230362
"F00","0","TOTAL","TLW","EX_YU","1996",7532
"F00","0","TOTAL","TLW","FI","1996",17659
"F00","0","TOTAL","TLW","FO","1996",17584
"F00","0","TOTAL","TLW","FR","1996",285526
"F00","0","TOTAL","TLW","GG_JE","1996",191
"F00","0","TOTAL","TLW","HR","1996",2889
"F00","0","TOTAL","TLW","HU","1996",8080
"F00","0","TOTAL","TLW","IE","1996",34925
"F00","0","TOTAL","TLW","IS","1996",3687
"F00","0","TOTAL","TLW","IT","1996",189373
"F00","0","TOTAL","TLW","LT","1996",1537
"F00","0","TOTAL","TLW","LV","1996",380
"F00","0","TOTAL","TLW","MK","1996",911
"F00","0","TOTAL","TLW","MT","1996",1552
"F00","0","TOTAL","TLW","NL","1996",99871
"F00","0","TOTAL","TLW","NO","1996",321516
"F00","0","TOTAL","TLW","PL","1996",27700
"F00","0","TOTAL","TLW","PT","1996",5364
"F00","0","TOTAL","TLW","RO","1996",13900
"F00","0","TOTAL","TLW","RS_ME","1996",2863
"F00","0","TOTAL","TLW","SE","1996",8244
"F00","0","TOTAL","TLW","SI","1996",869
"F00","0","TOTAL","TLW","SK","1996",954
"F00","0","TOTAL","TLW","TR","1996",33201
"F00","0","TOTAL","TLW","UK","1996",109901
"F00","0","TOTAL","TLW","AL","1995",340
"F00","0","TOTAL","TLW","AT","1995",2918
"F00","0","TOTAL","TLW","BE","1995",846
"F00","0","TOTAL","TLW","BG","1995",4615
"F00","0","TOTAL","TLW","CH","1995",1161
"F00","0","TOTAL","TLW","CY","1995",452
"F00","0","TOTAL","TLW","CZ","1995",18679
"F00","0","TOTAL","TLW","CZ_SK","1995",20296
"F00","0","TOTAL","TLW","DE","1995",64096
"F00","0","TOTAL","TLW","DK","1995",44730
"F00","0","TOTAL","TLW","EE","1995",315
"F00","0","TOTAL","TLW","EEA18","1995",1380832
"F00","0","TOTAL","TLW","EEA28","1995",1440298
"F00","0","TOTAL","TLW","EEA30","1995",1464743
"F00","0","TOTAL","TLW","EFTA","1995",282261
"F00","0","TOTAL","TLW","EL","1995",32644
"F00","0","TOTAL","TLW","ES","1995",223965
"F00","0","TOTAL","TLW","EU15","1995",1099732
"F00","0","TOTAL","TLW","EU25","1995",1159198
"F00","0","TOTAL","TLW","EU27","1995",1183643
"F00","0","TOTAL","TLW","EX_YU","1995",8497
"F00","0","TOTAL","TLW","FI","1995",17345
"F00","0","TOTAL","TLW","FO","1995",8611
"F00","0","TOTAL","TLW","FR","1995",280786
"F00","0","TOTAL","TLW","GG_JE","1995",114
"F00","0","TOTAL","TLW","HR","1995",4007
"F00","0","TOTAL","TLW","HU","1995",9360
"F00","0","TOTAL","TLW","IE","1995",27366
"F00","0","TOTAL","TLW","IS","1995",3485
"F00","0","TOTAL","TLW","IT","1995",214725
"F00","0","TOTAL","TLW","LT","1995",1714
"F00","0","TOTAL","TLW","LV","1995",525
"F00","0","TOTAL","TLW","MK","1995",1297
"F00","0","TOTAL","TLW","MT","1995",904
"F00","0","TOTAL","TLW","NL","1995",83938
"F00","0","TOTAL","TLW","NO","1995",277615
"F00","0","TOTAL","TLW","PL","1995",25111
"F00","0","TOTAL","TLW","PT","1995",4981
"F00","0","TOTAL","TLW","RO","1995",19830
"F00","0","TOTAL","TLW","RS_ME","1995",2404
"F00","0","TOTAL","TLW","SE","1995",7554
"F00","0","TOTAL","TLW","SI","1995",789
"F00","0","TOTAL","TLW","SK","1995",1617
"F00","0","TOTAL","TLW","TR","1995",21607
"F00","0","TOTAL","TLW","UK","1995",93838
"F00","0","TOTAL","TLW","AL","1994",395
"F00","0","TOTAL","TLW","AT","1994",3103
"F00","0","TOTAL","TLW","BE","1994",846
"F00","0","TOTAL","TLW","BG","1994",6100
"F00","0","TOTAL","TLW","CH","1994",1235
"F00","0","TOTAL","TLW","CY","1994",291
"F00","0","TOTAL","TLW","CZ","1994",18655
"F00","0","TOTAL","TLW","CZ_SK","1994",20516
"F00","0","TOTAL","TLW","DE","1994",48852
"F00","0","TOTAL","TLW","DK","1994",42892
"F00","0","TOTAL","TLW","EE","1994",417
"F00","0","TOTAL","TLW","EEA18","1994",1240246
"F00","0","TOTAL","TLW","EEA28","1994",1299994
"F00","0","TOTAL","TLW","EEA30","1994",1326494
"F00","0","TOTAL","TLW","EFTA","1994",222943
"F00","0","TOTAL","TLW","EL","1994",33182
"F00","0","TOTAL","TLW","ES","1994",177940
"F00","0","TOTAL","TLW","EU15","1994",1018538
"F00","0","TOTAL","TLW","EU25","1994",1078286
"F00","0","TOTAL","TLW","EU27","1994",1104786
"F00","0","TOTAL","TLW","EX_YU","1994",9345
"F00","0","TOTAL","TLW","FI","1994",16682
"F00","0","TOTAL","TLW","FO","1994",15332
"F00","0","TOTAL","TLW","FR","1994",280954
"F00","0","TOTAL","TLW","GG_JE","1994",103
"F00","0","TOTAL","TLW","HR","1994",4941
"F00","0","TOTAL","TLW","HU","1994",9899
"F00","0","TOTAL","TLW","IE","1994",28615
"F00","0","TOTAL","TLW","IS","1994",3222
"F00","0","TOTAL","TLW","IT","1994",176421
"F00","0","TOTAL","TLW","LT","1994",1874
"F00","0","TOTAL","TLW","LV","1994",560
"F00","0","TOTAL","TLW","MK","1994",1034
"F00","0","TOTAL","TLW","MT","1994",904
"F00","0","TOTAL","TLW","NL","1994",109379
"F00","0","TOTAL","TLW","NO","1994",218486
"F00","0","TOTAL","TLW","PL","1994",24500
"F00","0","TOTAL","TLW","PT","1994",6561
"F00","0","TOTAL","TLW","RO","1994",20400
"F00","0","TOTAL","TLW","RS_ME","1994",2583
"F00","0","TOTAL","TLW","SE","1994",7410
"F00","0","TOTAL","TLW","SI","1994",787
"F00","0","TOTAL","TLW","SK","1994",1861
"F00","0","TOTAL","TLW","TR","1994",15998
"F00","0","TOTAL","TLW","UK","1994",85701
"F00","0","TOTAL","TLW","AL","1993",389
"F00","0","TOTAL","TLW","AT","1993",3140
"F00","0","TOTAL","TLW","BE","1993",846
"F00","0","TOTAL","TLW","BG","1993",7897
"F00","0","TOTAL","TLW","CH","1993",1135
"F00","0","TOTAL","TLW","CY","1993",259
"F00","0","TOTAL","TLW","CZ","1993",20242
"F00","0","TOTAL","TLW","CZ_SK","1993",21830
"F00","0","TOTAL","TLW","DE","1993",69500
"F00","0","TOTAL","TLW","DK","1993",39739
"F00","0","TOTAL","TLW","EE","1993",330
"F00","0","TOTAL","TLW","EEA18","1993",1082449
"F00","0","TOTAL","TLW","EEA28","1993",1137583
"F00","0","TOTAL","TLW","EEA30","1993",1166580
"F00","0","TOTAL","TLW","EFTA","1993",168551
"F00","0","TOTAL","TLW","EL","1993",32578
"F00","0","TOTAL","TLW","ES","1993",126130
"F00","0","TOTAL","TLW","EU15","1993",915033
"F00","0","TOTAL","TLW","EU25","1993",970167
"F00","0","TOTAL","TLW","EU27","1993",999164
"F00","0","TOTAL","TLW","EX_YU","1993",8773
"F00","0","TOTAL","TLW","FI","1993",17526
"F00","0","TOTAL","TLW","FO","1993",18752
"F00","0","TOTAL","TLW","FR","1993",277323
"F00","0","TOTAL","TLW","GG_JE","1993",81
"F00","0","TOTAL","TLW","HR","1993",4603
"F00","0","TOTAL","TLW","HU","1993",9492
"F00","0","TOTAL","TLW","IE","1993",30158
"F00","0","TOTAL","TLW","IS","1993",2917
"F00","0","TOTAL","TLW","IT","1993",166320
"F00","0","TOTAL","TLW","LT","1993",2907
"F00","0","TOTAL","TLW","LV","1993",339
"F00","0","TOTAL","TLW","MK","1993",1071
"F00","0","TOTAL","TLW","MT","1993",650
"F00","0","TOTAL","TLW","NL","1993",71125
"F00","0","TOTAL","TLW","NO","1993",164499
"F00","0","TOTAL","TLW","PL","1993",18609
"F00","0","TOTAL","TLW","PT","1993",5970
"F00","0","TOTAL","TLW","RO","1993",21100
"F00","0","TOTAL","TLW","RS_ME","1993",2381
"F00","0","TOTAL","TLW","SE","1993",5904
"F00","0","TOTAL","TLW","SI","1993",718
"F00","0","TOTAL","TLW","SK","1993",1588
"F00","0","TOTAL","TLW","TR","1993",12438
"F00","0","TOTAL","TLW","UK","1993",68774
"F00","0","TOTAL","TLW","AL","1992",397
"F00","0","TOTAL","TLW","AT","1992",3140
"F00","0","TOTAL","TLW","BE","1992",846
"F00","0","TOTAL","TLW","BG","1992",8132
"F00","0","TOTAL","TLW","CH","1992",1230
"F00","0","TOTAL","TLW","CY","1992",155
"F00","0","TOTAL","TLW","CZ_SK","1992",24135
"F00","0","TOTAL","TLW","DE","1992",96654
"F00","0","TOTAL","TLW","DK","1992",43264
"F00","0","TOTAL","TLW","EE","1992",693
"F00","0","TOTAL","TLW","EEA18","1992",1056742
"F00","0","TOTAL","TLW","EFTA","1992",134856
"F00","0","TOTAL","TLW","EL","1992",20306
"F00","0","TOTAL","TLW","ES","1992",168759
"F00","0","TOTAL","TLW","EU15","1992",923116
"F00","0","TOTAL","TLW","EX_YU","1992",10985
"F00","0","TOTAL","TLW","FI","1992",17909
"F00","0","TOTAL","TLW","FO","1992",19098
"F00","0","TOTAL","TLW","FR","1992",250254
"F00","0","TOTAL","TLW","GG_JE","1992",50
"F00","0","TOTAL","TLW","HR","1992",6802
"F00","0","TOTAL","TLW","HU","1992",14230
"F00","0","TOTAL","TLW","IE","1992",27157
"F00","0","TOTAL","TLW","IS","1992",2524
"F00","0","TOTAL","TLW","IT","1992",170377
"F00","0","TOTAL","TLW","LT","1992",3899
"F00","0","TOTAL","TLW","LV","1992",641
"F00","0","TOTAL","TLW","MK","1992",1014
"F00","0","TOTAL","TLW","MT","1992",500
"F00","0","TOTAL","TLW","NL","1992",54105
"F00","0","TOTAL","TLW","NO","1992",131102
"F00","0","TOTAL","TLW","PL","1992",30200
"F00","0","TOTAL","TLW","PT","1992",6402
"F00","0","TOTAL","TLW","RO","1992",24620
"F00","0","TOTAL","TLW","RS_ME","1992",2301
"F00","0","TOTAL","TLW","SE","1992",7119
"F00","0","TOTAL","TLW","SI","1992",868
"F00","0","TOTAL","TLW","TR","1992",9085
"F00","0","TOTAL","TLW","UK","1992",56824
"F00","0","TOTAL","TLW","AL","1991",859
"F00","0","TOTAL","TLW","AT","1991",3135
"F00","0","TOTAL","TLW","BE","1991",846
"F00","0","TOTAL","TLW","BG","1991",7798
"F00","0","TOTAL","TLW","CH","1991",1230
"F00","0","TOTAL","TLW","CY","1991",127
"F00","0","TOTAL","TLW","CZ_SK","1991",22046
"F00","0","TOTAL","TLW","DE","1991",74692
"F00","0","TOTAL","TLW","DK","1991",42098
"F00","0","TOTAL","TLW","EE","1991",1337
"F00","0","TOTAL","TLW","EEA18","1991",1116038
"F00","0","TOTAL","TLW","EFTA","1991",164808
"F00","0","TOTAL","TLW","EL","1991",12615
"F00","0","TOTAL","TLW","ES","1991",224971
"F00","0","TOTAL","TLW","EU15","1991",952460
"F00","0","TOTAL","TLW","EX_YU","1991",6751
"F00","0","TOTAL","TLW","FI","1991",19271
"F00","0","TOTAL","TLW","FO","1991",18283
"F00","0","TOTAL","TLW","FR","1991",245094
"F00","0","TOTAL","TLW","GG_JE","1991",67
"F00","0","TOTAL","TLW","HU","1991",14434
"F00","0","TOTAL","TLW","IE","1991",27749
"F00","0","TOTAL","TLW","IS","1991",2873
"F00","0","TOTAL","TLW","IT","1991",175193
"F00","0","TOTAL","TLW","LT","1991",4792
"F00","0","TOTAL","TLW","LV","1991",2685
"F00","0","TOTAL","TLW","MT","1991",200
"F00","0","TOTAL","TLW","NL","1991",51648
"F00","0","TOTAL","TLW","NO","1991",160705
"F00","0","TOTAL","TLW","PL","1991",29500
"F00","0","TOTAL","TLW","PT","1991",6277
"F00","0","TOTAL","TLW","RO","1991",29530
"F00","0","TOTAL","TLW","SE","1991",7984
"F00","0","TOTAL","TLW","TR","1991",7835
"F00","0","TOTAL","TLW","UK","1991",60887
"F00","0","TOTAL","TLW","AL","1990",4961
"F00","0","TOTAL","TLW","AT","1990",3126
"F00","0","TOTAL","TLW","BE","1990",675
"F00","0","TOTAL","TLW","BG","1990",7849
"F00","0","TOTAL","TLW","CH","1990",1070
"F00","0","TOTAL","TLW","CY","1990",125
"F00","0","TOTAL","TLW","CZ_SK","1990",22326
"F00","0","TOTAL","TLW","DE","1990",64435
"F00","0","TOTAL","TLW","DK","1990",41946
"F00","0","TOTAL","TLW","EE","1990",936
"F00","0","TOTAL","TLW","EEA18","1990",1097636
"F00","0","TOTAL","TLW","EFTA","1990",154482
"F00","0","TOTAL","TLW","EL","1990",9523
"F00","0","TOTAL","TLW","ES","1990",203766
"F00","0","TOTAL","TLW","EU15","1990",944224
"F00","0","TOTAL","TLW","EX_YU","1990",12990
"F00","0","TOTAL","TLW","FI","1990",18550
"F00","0","TOTAL","TLW","FO","1990",13076
"F00","0","TOTAL","TLW","FR","1990",256653
"F00","0","TOTAL","TLW","GG_JE","1990",67
"F00","0","TOTAL","TLW","HU","1990",17600
"F00","0","TOTAL","TLW","IE","1990",26673
"F00","0","TOTAL","TLW","IS","1990",2829
"F00","0","TOTAL","TLW","IT","1990",153744
"F00","0","TOTAL","TLW","LT","1990",4666
"F00","0","TOTAL","TLW","LV","1990",2235
"F00","0","TOTAL","TLW","MT","1990",3
"F00","0","TOTAL","TLW","NL","1990",100997
"F00","0","TOTAL","TLW","NO","1990",150583
"F00","0","TOTAL","TLW","PL","1990",26400
"F00","0","TOTAL","TLW","PT","1990",4968
"F00","0","TOTAL","TLW","RO","1990",34950
"F00","0","TOTAL","TLW","SE","1990",9124
"F00","0","TOTAL","TLW","TR","1990",5782
"F00","0","TOTAL","TLW","UK","1990",50044
"F00","0","TOTAL","TLW","AL","1989",2604
"F00","0","TOTAL","TLW","AT","1989",4450
"F00","0","TOTAL","TLW","BE","1989",735
"F00","0","TOTAL","TLW","BG","1989",11615
"F00","0","TOTAL","TLW","CH","1989",1180
"F00","0","TOTAL","TLW","CY","1989",84
"F00","0","TOTAL","TLW","CZ_SK","1989",21266
"F00","0","TOTAL","TLW","DE","1989",66618
"F00","0","TOTAL","TLW","DK","1989",33059
"F00","0","TOTAL","TLW","EE","1989",1232
"F00","0","TOTAL","TLW","EEA18","1989",1021480
"F00","0","TOTAL","TLW","EFTA","1989",118048
"F00","0","TOTAL","TLW","EL","1989",4737
"F00","0","TOTAL","TLW","ES","1989",222924
"F00","0","TOTAL","TLW","EU15","1989",904612
"F00","0","TOTAL","TLW","EX_YU","1989",11888
"F00","0","TOTAL","TLW","FI","1989",18550
"F00","0","TOTAL","TLW","FO","1989",8131
"F00","0","TOTAL","TLW","FR","1989",225122
"F00","0","TOTAL","TLW","GG_JE","1989",13
"F00","0","TOTAL","TLW","HU","1989",20548
"F00","0","TOTAL","TLW","IE","1989",20790
"F00","0","TOTAL","TLW","IS","1989",1677
"F00","0","TOTAL","TLW","IT","1989",132971
"F00","0","TOTAL","TLW","LT","1989",4580
"F00","0","TOTAL","TLW","LV","1989",6288
"F00","0","TOTAL","TLW","NL","1989",108877
"F00","0","TOTAL","TLW","NO","1989",115191
"F00","0","TOTAL","TLW","PL","1989",25951
"F00","0","TOTAL","TLW","PT","1989",8549
"F00","0","TOTAL","TLW","RO","1989",47260
"F00","0","TOTAL","TLW","SE","1989",7914
"F00","0","TOTAL","TLW","TR","1989",4354
"F00","0","TOTAL","TLW","UK","1989",49316
"F00","0","TOTAL","TLW","AL","1988",3732
"F00","0","TOTAL","TLW","AT","1988",4500
"F00","0","TOTAL","TLW","BE","1988",700
"F00","0","TOTAL","TLW","BG","1988",12141
"F00","0","TOTAL","TLW","CH","1988",254
"F00","0","TOTAL","TLW","CY","1988",59
"F00","0","TOTAL","TLW","CZ_SK","1988",21247
"F00","0","TOTAL","TLW","DE","1988",72005
"F00","0","TOTAL","TLW","DK","1988",28659
"F00","0","TOTAL","TLW","EE","1988",401
"F00","0","TOTAL","TLW","EEA18","1988",998843
"F00","0","TOTAL","TLW","EFTA","1988",89731
"F00","0","TOTAL","TLW","EL","1988",4087
"F00","0","TOTAL","TLW","ES","1988",271403
"F00","0","TOTAL","TLW","EU15","1988",909366
"F00","0","TOTAL","TLW","EX_YU","1988",11867
"F00","0","TOTAL","TLW","FI","1988",16367
"F00","0","TOTAL","TLW","FO","1988",5260
"F00","0","TOTAL","TLW","FR","1988",227544
"F00","0","TOTAL","TLW","GG_JE","1988",13
"F00","0","TOTAL","TLW","HU","1988",17970
"F00","0","TOTAL","TLW","IE","1988",18327
"F00","0","TOTAL","TLW","IS","1988",1209
"F00","0","TOTAL","TLW","IT","1988",131499
"F00","0","TOTAL","TLW","LT","1988",3752
"F00","0","TOTAL","TLW","LV","1988",2926
"F00","0","TOTAL","TLW","NL","1988",79163
"F00","0","TOTAL","TLW","NO","1988",88268
"F00","0","TOTAL","TLW","PL","1988",25951
"F00","0","TOTAL","TLW","PT","1988",10433
"F00","0","TOTAL","TLW","RO","1988",50680
"F00","0","TOTAL","TLW","SE","1988",8287
"F00","0","TOTAL","TLW","TR","1988",4100
"F00","0","TOTAL","TLW","UK","1988",36392
"F00","0","TOTAL","TLW","AL","1987",2368
"F00","0","TOTAL","TLW","AT","1987",4000
"F00","0","TOTAL","TLW","BE","1987",600
"F00","0","TOTAL","TLW","BG","1987",12647
"F00","0","TOTAL","TLW","CH","1987",252
"F00","0","TOTAL","TLW","CY","1987",50
"F00","0","TOTAL","TLW","CZ_SK","1987",20736
"F00","0","TOTAL","TLW","DE","1987",66828
"F00","0","TOTAL","TLW","DK","1987",25851
"F00","0","TOTAL","TLW","EEA18","1987",947970
"F00","0","TOTAL","TLW","EFTA","1987",56274
"F00","0","TOTAL","TLW","EL","1987",2741
"F00","0","TOTAL","TLW","ES","1987",270734
"F00","0","TOTAL","TLW","EU15","1987",891948
"F00","0","TOTAL","TLW","EX_YU","1987",11524
"F00","0","TOTAL","TLW","FI","1987",12689
"F00","0","TOTAL","TLW","FO","1987",4523
"F00","0","TOTAL","TLW","FR","1987",231894
"F00","0","TOTAL","TLW","GG_JE","1987",25
"F00","0","TOTAL","TLW","HU","1987",17948
"F00","0","TOTAL","TLW","IE","1987",18693
"F00","0","TOTAL","TLW","IS","1987",643
"F00","0","TOTAL","TLW","IT","1987",110616
"F00","0","TOTAL","TLW","NL","1987",99567
"F00","0","TOTAL","TLW","NO","1987",55379
"F00","0","TOTAL","TLW","PL","1987",20472
"F00","0","TOTAL","TLW","PT","1987",11012
"F00","0","TOTAL","TLW","RO","1987",40183
"F00","0","TOTAL","TLW","SE","1987",7288
"F00","0","TOTAL","TLW","TR","1987",3300
"F00","0","TOTAL","TLW","UK","1987",29435
"F00","0","TOTAL","TLW","AL","1986",2165
"F00","0","TOTAL","TLW","AT","1986",4060
"F00","0","TOTAL","TLW","BE","1986",530
"F00","0","TOTAL","TLW","BG","1986",12138
"F00","0","TOTAL","TLW","CH","1986",271
"F00","0","TOTAL","TLW","CY","1986",57
"F00","0","TOTAL","TLW","CZ_SK","1986",21234
"F00","0","TOTAL","TLW","DE","1986",70235
"F00","0","TOTAL","TLW","DK","1986",24402
"F00","0","TOTAL","TLW","EEA18","1986",919371
"F00","0","TOTAL","TLW","EFTA","1986",49936
"F00","0","TOTAL","TLW","EL","1986",2296
"F00","0","TOTAL","TLW","ES","1986",268449
"F00","0","TOTAL","TLW","EU15","1986",869706
"F00","0","TOTAL","TLW","EX_YU","1986",11647
"F00","0","TOTAL","TLW","FI","1986",11006
"F00","0","TOTAL","TLW","FO","1986",2520
"F00","0","TOTAL","TLW","FR","1986",243671
"F00","0","TOTAL","TLW","GG_JE","1986",15
"F00","0","TOTAL","TLW","HU","1986",16997
"F00","0","TOTAL","TLW","IE","1986",12741
"F00","0","TOTAL","TLW","IS","1986",273
"F00","0","TOTAL","TLW","IT","1986",107130
"F00","0","TOTAL","TLW","NL","1986",86496
"F00","0","TOTAL","TLW","NO","1986",49392
"F00","0","TOTAL","TLW","PL","1986",18684
"F00","0","TOTAL","TLW","PT","1986",10331
"F00","0","TOTAL","TLW","RO","1986",47544
"F00","0","TOTAL","TLW","SE","1986",4346
"F00","0","TOTAL","TLW","TR","1986",3075
"F00","0","TOTAL","TLW","UK","1986",24013
"F00","0","TOTAL","TLW","AL","1985",1208
"F00","0","TOTAL","TLW","AT","1985",4100
"F00","0","TOTAL","TLW","BE","1985",440
"F00","0","TOTAL","TLW","BG","1985",10560
"F00","0","TOTAL","TLW","CH","1985",270
"F00","0","TOTAL","TLW","CY","1985",56
"F00","0","TOTAL","TLW","CZ_SK","1985",19813
"F00","0","TOTAL","TLW","DE","1985",61134
"F00","0","TOTAL","TLW","DK","1985",24244
"F00","0","TOTAL","TLW","EEA18","1985",893091
"F00","0","TOTAL","TLW","EFTA","1985",34990
"F00","0","TOTAL","TLW","EL","1985",2377
"F00","0","TOTAL","TLW","ES","1985",266608
"F00","0","TOTAL","TLW","EU15","1985",858371
"F00","0","TOTAL","TLW","EX_YU","1985",11086
"F00","0","TOTAL","TLW","FI","1985",10166
"F00","0","TOTAL","TLW","FO","1985",1620
"F00","0","TOTAL","TLW","FR","1985",226903
"F00","0","TOTAL","TLW","HU","1985",18315
"F00","0","TOTAL","TLW","IE","1985",11964
"F00","0","TOTAL","TLW","IS","1985",103
"F00","0","TOTAL","TLW","IT","1985",104301
"F00","0","TOTAL","TLW","NL","1985",116547
"F00","0","TOTAL","TLW","NO","1985",34617
"F00","0","TOTAL","TLW","PL","1985",20099
"F00","0","TOTAL","TLW","PT","1985",6402
"F00","0","TOTAL","TLW","RO","1985",42414
"F00","0","TOTAL","TLW","SE","1985",3081
"F00","0","TOTAL","TLW","TR","1985",2700
"F00","0","TOTAL","TLW","UK","1985",20104
"F00","0","TOTAL","TLW","AL","1984",1197
"F00","0","TOTAL","TLW","AT","1984",4000
"F00","0","TOTAL","TLW","BE","1984",310
"F00","0","TOTAL","TLW","BG","1984",14571
"F00","0","TOTAL","TLW","CH","1984",272
"F00","0","TOTAL","TLW","CY","1984",60
"F00","0","TOTAL","TLW","CZ_SK","1984",19488
"F00","0","TOTAL","TLW","DE","1984",97785
"F00","0","TOTAL","TLW","DK","1984",23609
"F00","0","TOTAL","TLW","EEA18","1984",803115
"F00","0","TOTAL","TLW","EFTA","1984",25862
"F00","0","TOTAL","TLW","EL","1984",2542
"F00","0","TOTAL","TLW","ES","1984",247426
"F00","0","TOTAL","TLW","EU15","1984",777525
"F00","0","TOTAL","TLW","EX_YU","1984",11617
"F00","0","TOTAL","TLW","FI","1984",9586
"F00","0","TOTAL","TLW","FO","1984",513
"F00","0","TOTAL","TLW","FR","1984",192609
"F00","0","TOTAL","TLW","HU","1984",16473
"F00","0","TOTAL","TLW","IE","1984",15322
"F00","0","TOTAL","TLW","IS","1984",137
"F00","0","TOTAL","TLW","IT","1984",96900
"F00","0","TOTAL","TLW","NL","1984",60319
"F00","0","TOTAL","TLW","NO","1984",25453
"F00","0","TOTAL","TLW","PL","1984",20000
"F00","0","TOTAL","TLW","PT","1984",6240
"F00","0","TOTAL","TLW","RO","1984",45116
"F00","0","TOTAL","TLW","SE","1984",3265
"F00","0","TOTAL","TLW","TR","1984",2226
"F00","0","TOTAL","TLW","UK","1984",17612
