"dairyprod","milkitem","geo","time","values"
"D1100A","PRO","AT","2017",3747.78
"D1100A","PRO","BE","2017",4065
"D1100A","PRO","BG","2017",1091.47
"D1100A","PRO","CY","2017",279.02
"D1100A","PRO","CZ","2017",3079.29
"D1100A","PRO","DE","2017",32614.17
"D1100A","PRO","DK","2017",5502.2
"D1100A","PRO","EE","2017",790.6
"D1100A","PRO","EL","2017",1807
"D1100A","PRO","ES","2017",8300.55
"D1100A","PRO","EU28","2017",170119.75
"D1100A","PRO","FI","2017",2405.76
"D1100A","PRO","FR","2017",25943.26
"D1100A","PRO","HR","2017",668
"D1100A","PRO","HU","2017",1972.99
"D1100A","PRO","IE","2017",7498.94
"D1100A","PRO","IT","2017",12983.23
"D1100A","PRO","LT","2017",1570.71
"D1100A","PRO","LU","2017",390.44
"D1100A","PRO","LV","2017",1000.1
"D1100A","PRO","ME","2017",181.4
"D1100A","PRO","MK","2017",462.22
"D1100A","PRO","MT","2017",41.88
"D1100A","PRO","NL","2017",14372
"D1100A","PRO","NO","2017",0
"D1100A","PRO","PL","2017",13702.38
"D1100A","PRO","PT","2017",2020.76
"D1100A","PRO","RO","2017",4439.2
"D1100A","PRO","RS","2017",1599.26
"D1100A","PRO","SE","2017",2816.66
"D1100A","PRO","SI","2017",649.96
"D1100A","PRO","SK","2017",923.4
"D1100A","PRO","UK","2017",15443
"D1100A","PRO","AT","2016",3659.96
"D1100A","PRO","BE","2016",3920
"D1100A","PRO","BG","2016",1148.66
"D1100A","PRO","CY","2016",237.65
"D1100A","PRO","CZ","2016",3065.27
"D1100A","PRO","DE","2016",32687.64
"D1100A","PRO","DK","2016",5435.7
"D1100A","PRO","EE","2016",783.2
"D1100A","PRO","EL","2016",1897
"D1100A","PRO","ES","2016",8218.49
"D1100A","PRO","EU28","2016",168263.12
"D1100A","PRO","FI","2016",2429.59
"D1100A","PRO","FR","2016",26065.89
"D1100A","PRO","HR","2016",689
"D1100A","PRO","HU","2016",1923.8
"D1100A","PRO","IE","2016",6871.94
"D1100A","PRO","IT","2016",12669.59
"D1100A","PRO","LT","2016",1627.68
"D1100A","PRO","LU","2016",379.42
"D1100A","PRO","LV","2016",986.2
"D1100A","PRO","ME","2016",180.55
"D1100A","PRO","MK","2016",477.35
"D1100A","PRO","MT","2016",45.64
"D1100A","PRO","NL","2016",14294.4
"D1100A","PRO","PL","2016",13251.56
"D1100A","PRO","PT","2016",2020.65
"D1100A","PRO","RO","2016",4585.7
"D1100A","PRO","RS","2016",1603.74
"D1100A","PRO","SE","2016",2862.23
"D1100A","PRO","SI","2016",651.4
"D1100A","PRO","SK","2016",916.88
"D1100A","PRO","UK","2016",14938
"D1100A","PRO","AT","2015",3568.9
"D1100A","PRO","BE","2015",3826
"D1100A","PRO","BG","2015",1152.6
"D1100A","PRO","CY","2015",214.09
"D1100A","PRO","CZ","2015",3026.53
"D1100A","PRO","DE","2015",32684.57
"D1100A","PRO","DK","2015",5335.7
"D1100A","PRO","EE","2015",783.2
"D1100A","PRO","EL","2015",1915
"D1100A","PRO","ES","2015",8105.07
"D1100A","PRO","EU28","2015",168114.84
"D1100A","PRO","FI","2015",2436.76
"D1100A","PRO","FR","2015",26712.84
"D1100A","PRO","HR","2015",707
"D1100A","PRO","HU","2015",1946.65
"D1100A","PRO","IE","2015",6604.41
"D1100A","PRO","IT","2015",12191.94
"D1100A","PRO","LT","2015",1738.52
"D1100A","PRO","LU","2015",349.37
"D1100A","PRO","LV","2015",978.1
"D1100A","PRO","ME","2015",183.09
"D1100A","PRO","MT","2015",44.21
"D1100A","PRO","NL","2015",13783.85
"D1100A","PRO","PL","2015",13252.89
"D1100A","PRO","PT","2015",2114.21
"D1100A","PRO","RO","2015",4676.6
"D1100A","PRO","RS","2015",1610.82
"D1100A","PRO","SE","2015",2933.16
"D1100A","PRO","SI","2015",633.82
"D1100A","PRO","SK","2015",941.86
"D1100A","PRO","UK","2015",15457
"D1100A","PRO","AT","2014",3524.88
"D1100A","PRO","BE","2014",3710
"D1100A","PRO","BG","2014",1231
"D1100A","PRO","CH","2014",0
"D1100A","PRO","CY","2014",212.91
"D1100A","PRO","CZ","2014",2933.69
"D1100A","PRO","DE","2014",32394.97
"D1100A","PRO","DK","2014",5162
"D1100A","PRO","EE","2014",805.2
"D1100A","PRO","EL","2014",1892
"D1100A","PRO","ES","2014",7853.72
"D1100A","PRO","EU28","2014",164837.13
"D1100A","PRO","FI","2014",2400.01
"D1100A","PRO","FR","2014",26602.5
"D1100A","PRO","HR","2014",728
"D1100A","PRO","HU","2014",1880.95
"D1100A","PRO","IE","2014",5821.3
"D1100A","PRO","IT","2014",12217.34
"D1100A","PRO","LT","2014",1795.07
"D1100A","PRO","LU","2014",319.83
"D1100A","PRO","LV","2014",971.8
"D1100A","PRO","ME","2014",191.8
"D1100A","PRO","MT","2014",45.25
"D1100A","PRO","NL","2014",12904.51
"D1100A","PRO","PL","2014",13002
"D1100A","PRO","PT","2014",2043.57
"D1100A","PRO","RO","2014",4804
"D1100A","PRO","RS","2014",1596.18
"D1100A","PRO","SE","2014",2931.65
"D1100A","PRO","SI","2014",618.53
"D1100A","PRO","SK","2014",942.45
"D1100A","PRO","UK","2014",15088
"D1100A","PRO","AT","2013",3424.6
"D1100A","PRO","BE","2013",3529
"D1100A","PRO","BG","2013",1306
"D1100A","PRO","CY","2013",205.83
"D1100A","PRO","CZ","2013",2849.48
"D1100A","PRO","DE","2013",31337.85
"D1100A","PRO","DK","2013",5081.8
"D1100A","PRO","EE","2013",772
"D1100A","PRO","EL","2013",1817.2
"D1100A","PRO","ES","2013",7630.94
"D1100A","PRO","EU28","2013",159026.4
"D1100A","PRO","FI","2013",2327.8
"D1100A","PRO","FR","2013",25329.13
"D1100A","PRO","HR","2013",739
"D1100A","PRO","HU","2013",1778.14
"D1100A","PRO","IE","2013",5600.7
"D1100A","PRO","IT","2013",12039.94
"D1100A","PRO","LT","2013",1723.07
"D1100A","PRO","LU","2013",298.92
"D1100A","PRO","LV","2013",915.1
"D1100A","PRO","ME","2013",186.42
"D1100A","PRO","MT","2013",43.5
"D1100A","PRO","NL","2013",12639.64
"D1100A","PRO","PL","2013",12735
"D1100A","PRO","PT","2013",1951.17
"D1100A","PRO","RO","2013",4619
"D1100A","PRO","SE","2013",2869.58
"D1100A","PRO","SI","2013",596.91
"D1100A","PRO","SK","2013",922.11
"D1100A","PRO","UK","2013",13943
"D1100A","PRO","AT","2012",3413
"D1100A","PRO","BE","2012",3116
"D1100A","PRO","BG","2012",1241
"D1100A","PRO","CZ","2012",2814.68
"D1100A","PRO","DK","2012",5006.4
"D1100A","PRO","EE","2012",721.2
"D1100A","PRO","EL","2012",1833.9
"D1100A","PRO","ES","2012",7537.73
"D1100A","PRO","FI","2012",2296.68
"D1100A","PRO","FR","2012",25629.81
"D1100A","PRO","HR","2012",828
"D1100A","PRO","HU","2012",1818.48
"D1100A","PRO","IE","2012",5399.3
"D1100A","PRO","IT","2012",12253.85
"D1100A","PRO","LT","2012",1778.08
"D1100A","PRO","LV","2012",873.8
"D1100A","PRO","ME","2012",163.22
"D1100A","PRO","NL","2012",12098.28
"D1100A","PRO","PL","2012",12685
"D1100A","PRO","PT","2012",2043.8
"D1100A","PRO","RO","2012",4551
"D1100A","PRO","SE","2012",2861.17
"D1100A","PRO","SI","2012",622.6
"D1100A","PRO","SK","2012",942.61
"D1100A","PRO","UK","2012",13857
"D1100A","PRO","AT","2011",3337.02
"D1100A","PRO","BE","2011",3151
"D1100A","PRO","BG","2011",1286
"D1100A","PRO","CH","2011",4185
"D1100A","PRO","CY","2011",210.72
"D1100A","PRO","DK","2011",4879.5
"D1100A","PRO","EE","2011",693
"D1100A","PRO","ES","2011",7489.3
"D1100A","PRO","EU25","2011",150364.75
"D1100A","PRO","FI","2011",2300.73
"D1100A","PRO","FR","2011",26048.6
"D1100A","PRO","HR","2011",826
"D1100A","PRO","HU","2011",1717.99
"D1100A","PRO","IT","2011",12060.14
"D1100A","PRO","LT","2011",1786.4
"D1100A","PRO","LV","2011",845.2
"D1100A","PRO","NL","2011",12045.72
"D1100A","PRO","PL","2011",12434
"D1100A","PRO","PT","2011",2026.5
"D1100A","PRO","RO","2011",4727
"D1100A","PRO","SE","2011",2850.4
"D1100A","PRO","SK","2011",937.66
"D1100A","PRO","UK","2011",14088
"D1100A","PRO","AT","2010",3285.9
"D1100A","PRO","BE","2010",3111
"D1100A","PRO","BG","2010",1277
"D1100A","PRO","CY","2010",202.42
"D1100A","PRO","CZ","2010",2682.52
"D1100A","PRO","DE","2010",29628.88
"D1100A","PRO","DK","2010",4910
"D1100A","PRO","EE","2010",676
"D1100A","PRO","EL","2010",1890.66
"D1100A","PRO","ES","2010",7464.72
"D1100A","PRO","FI","2010",2336.25
"D1100A","PRO","FR","2010",24973.66
"D1100A","PRO","HR","2010",808
"D1100A","PRO","HU","2010",1690.58
"D1100A","PRO","IE","2010",5349.7
"D1100A","PRO","IT","2010",12161.26
"D1100A","PRO","LT","2010",1736.53
"D1100A","PRO","LV","2010",834.5
"D1100A","PRO","NL","2010",12122.47
"D1100A","PRO","PL","2010",12298
"D1100A","PRO","PT","2010",2027.97
"D1100A","PRO","RO","2010",5173
"D1100A","PRO","SE","2010",2862.21
"D1100A","PRO","SI","2010",605.8
"D1100A","PRO","SK","2010",927.52
"D1100A","PRO","UK","2010",13960
"D1100A","PRO","AT","2009",3256.9
"D1100A","PRO","BE","2009",2996
"D1100A","PRO","BG","2009",1231
"D1100A","PRO","CY","2009",193.51
"D1100A","PRO","CZ","2009",2780.66
"D1100A","PRO","DE","2009",29233.68
"D1100A","PRO","DK","2009",4813.8
"D1100A","PRO","EE","2009",671
"D1100A","PRO","EL","2009",1845.3
"D1100A","PRO","ES","2009",7288.53
"D1100A","PRO","FI","2009",2332
"D1100A","PRO","FR","2009",24210.16
"D1100A","PRO","HR","2009",746
"D1100A","PRO","HU","2009",1762.95
"D1100A","PRO","IE","2009",4966.9
"D1100A","PRO","IT","2009",12192.59
"D1100A","PRO","LT","2009",1791.01
"D1100A","PRO","LV","2009",831.5
"D1100A","PRO","NL","2009",11981.36
"D1100A","PRO","PL","2009",12467
"D1100A","PRO","PT","2009",2111.75
"D1100A","PRO","RO","2009",5283
"D1100A","PRO","SE","2009",2932.63
"D1100A","PRO","SI","2009",627.82
"D1100A","PRO","SK","2009",966.69
"D1100A","PRO","TR","2009",12541
"D1100A","PRO","UK","2009",13596
"D1100A","PRO","AT","2008",3221.1
"D1100A","PRO","BE","2008",2892
"D1100A","PRO","BG","2008",1316.04
"D1100A","PRO","CY","2008",194.98
"D1100A","PRO","CZ","2008",2801.32
"D1100A","PRO","DE","2008",28691.26
"D1100A","PRO","DK","2008",4656
"D1100A","PRO","EE","2008",694.2
"D1100A","PRO","EL","2008",1891.7
"D1100A","PRO","ES","2008",7286.6
"D1100A","PRO","FI","2008",2310.9
"D1100A","PRO","FR","2008",25107.63
"D1100A","PRO","HR","2008",848
"D1100A","PRO","HU","2008",1845.65
"D1100A","PRO","IE","2008",5113.7
"D1100A","PRO","IT","2008",12115.76
"D1100A","PRO","LT","2008",1883.76
"D1100A","PRO","LV","2008",835.5
"D1100A","PRO","MT","2008",42.8
"D1100A","PRO","NL","2008",11797.46
"D1100A","PRO","PL","2008",12445
"D1100A","PRO","PT","2008",2141.88
"D1100A","PRO","RO","2008",5494
"D1100A","PRO","SE","2008",2986.62
"D1100A","PRO","SI","2008",655.69
"D1100A","PRO","SK","2008",1066.31
"D1100A","PRO","TR","2008",12243
"D1100A","PRO","UK","2008",13722.11
"D1100A","PRO","AT","2007",3180
"D1100A","PRO","BE","2007",2943
"D1100A","PRO","BG","2007",1327.46
"D1100A","PRO","CH","2007",28.98
"D1100A","PRO","CY","2007",183.48
"D1100A","PRO","CZ","2007",2756
"D1100A","PRO","DE","2007",28437.77
"D1100A","PRO","DK","2007",4618.6
"D1100A","PRO","EE","2007",692.4
"D1100A","PRO","EL","2007",1859
"D1100A","PRO","ES","2007",7250.4
"D1100A","PRO","FI","2007",2355.6
"D1100A","PRO","FR","2007",24284.12
"D1100A","PRO","HR","2007",881
"D1100A","PRO","HU","2007",1848.59
"D1100A","PRO","IE","2007",5251.6
"D1100A","PRO","IT","2007",11924.84
"D1100A","PRO","LT","2007",1936.6
"D1100A","PRO","LV","2007",841.6
"D1100A","PRO","MT","2007",43.42
"D1100A","PRO","NL","2007",11290.36
"D1100A","PRO","PL","2007",12117
"D1100A","PRO","PT","2007",2092.43
"D1100A","PRO","RO","2007",5667
"D1100A","PRO","SE","2007",2985.86
"D1100A","PRO","SI","2007",668.3
"D1100A","PRO","SK","2007",1083.58
"D1100A","PRO","TR","2007",12329
"D1100A","PRO","UK","2007",14073
"D1100A","PRO","AT","2006",3168.6
"D1100A","PRO","BE","2006",2917
"D1100A","PRO","BG","2006",1515.68
"D1100A","PRO","CH","2006",2113.02
"D1100A","PRO","CY","2006",187.8
"D1100A","PRO","CZ","2006",2767.13
"D1100A","PRO","DE","2006",28029.97
"D1100A","PRO","DK","2006",4627.2
"D1100A","PRO","EE","2006",692
"D1100A","PRO","EL","2006",1853.5
"D1100A","PRO","ES","2006",7323.1
"D1100A","PRO","FI","2006",2413
"D1100A","PRO","FR","2006",25246.02
"D1100A","PRO","HR","2006",868
"D1100A","PRO","HU","2006",1851.07
"D1100A","PRO","IE","2006",5271.78
"D1100A","PRO","IT","2006",11811.49
"D1100A","PRO","LT","2006",1891.3
"D1100A","PRO","LV","2006",815.1
"D1100A","PRO","MT","2006",43.63
"D1100A","PRO","NL","2006",11135.24
"D1100A","PRO","PL","2006",12003
"D1100A","PRO","PT","2006",2113.02
"D1100A","PRO","RO","2006",5964
"D1100A","PRO","SE","2006",3130.27
"D1100A","PRO","SI","2006",644.01
"D1100A","PRO","SK","2006",1100.51
"D1100A","PRO","TR","2006",11952
"D1100A","PRO","UK","2006",14348.06
"D1100A","PRO","AT","2005",3135.9
"D1100A","PRO","BE","2005",3082
"D1100A","PRO","BG","2005",1508
"D1100A","PRO","CY","2005",193.43
"D1100A","PRO","CZ","2005",2812.7
"D1100A","PRO","DE","2005",28487.95
"D1100A","PRO","DK","2005",0
"D1100A","PRO","EE","2005",670.4
"D1100A","PRO","EL","2005",1816.2
"D1100A","PRO","ES","2005",7469.4
"D1100A","PRO","EU28","2005",150258.77
"D1100A","PRO","FI","2005",2433.2
"D1100A","PRO","FR","2005",25526.43
"D1100A","PRO","HR","2005",811
"D1100A","PRO","HU","2005",1936.93
"D1100A","PRO","IE","2005",5100.06
"D1100A","PRO","IT","2005",11787
"D1100A","PRO","LT","2005",1861.6
"D1100A","PRO","LU","2005",270.65
"D1100A","PRO","LV","2005",810.3
"D1100A","PRO","MT","2005",43.95
"D1100A","PRO","NL","2005",10977.53
"D1100A","PRO","PL","2005",11946
"D1100A","PRO","PT","2005",2195.21
"D1100A","PRO","RO","2005",5833
"D1100A","PRO","SE","2005",3206
"D1100A","PRO","SI","2005",660.78
"D1100A","PRO","SK","2005",1109.25
"D1100A","PRO","TR","2005",11108
"D1100A","PRO","UK","2005",14573.9
"D1100A","PRO","AT","2004",3158.2
"D1100A","PRO","BE","2004",3120
"D1100A","PRO","BG","2004",1598.3
"D1100A","PRO","CY","2004",213.22
"D1100A","PRO","CZ","2004",2675
"D1100A","PRO","DE","2004",28279.73
"D1100A","PRO","DK","2004",4568.4
"D1100A","PRO","EE","2004",652.4
"D1100A","PRO","EL","2004",1835.5
"D1100A","PRO","ES","2004",7493.9
"D1100A","PRO","EU25","2004",146216.02
"D1100A","PRO","EU28","2004",154224.02
"D1100A","PRO","FI","2004",2448.9
"D1100A","PRO","FR","2004",25286.79
"D1100A","PRO","HR","2004",706
"D1100A","PRO","HU","2004",1902.72
"D1100A","PRO","IE","2004",5307.1
"D1100A","PRO","IT","2004",11565.25
"D1100A","PRO","LT","2004",1848.7
"D1100A","PRO","LU","2004",269.37
"D1100A","PRO","LV","2004",786.4
"D1100A","PRO","MT","2004",44.39
"D1100A","PRO","NL","2004",11032.66
"D1100A","PRO","PL","2004",11855
"D1100A","PRO","PT","2004",2142.15
"D1100A","PRO","RO","2004",5764
"D1100A","PRO","SE","2004",3275
"D1100A","PRO","SI","2004",653.74
"D1100A","PRO","SK","2004",1097.9
"D1100A","PRO","TR","2004",10679
"D1100A","PRO","UK","2004",14643.3
"D1100A","PRO","AT","2003",3252.8
"D1100A","PRO","BE","2003",3127
"D1100A","PRO","BG","2003",1504
"D1100A","PRO","CY","2003",220.34
"D1100A","PRO","CZ","2003",2725.38
"D1100A","PRO","DE","2003",28563.32
"D1100A","PRO","DK","2003",4658.8
"D1100A","PRO","EE","2003",611.5
"D1100A","PRO","EL","2003",1909
"D1100A","PRO","ES","2003",7563.78
"D1100A","PRO","EU25","2003",147761.45
"D1100A","PRO","FI","2003",2471.69
"D1100A","PRO","FR","2003",25481.87
"D1100A","PRO","HR","2003",684
"D1100A","PRO","HU","2003",2038.37
"D1100A","PRO","IE","2003",5397.2
"D1100A","PRO","IT","2003",11540.4
"D1100A","PRO","LT","2003",1796.1
"D1100A","PRO","LU","2003",267.69
"D1100A","PRO","LV","2003",785.7
"D1100A","PRO","MT","2003",44.92
"D1100A","PRO","NL","2003",11205.46
"D1100A","PRO","PL","2003",11927
"D1100A","PRO","PT","2003",2083.37
"D1100A","PRO","SE","2003",3253
"D1100A","PRO","SI","2003",667.08
"D1100A","PRO","SK","2003",1161.9
"D1100A","PRO","TR","2003",10611
"D1100A","PRO","UK","2003",15019.8
"D1100A","PRO","AT","2002",3316.4
"D1100A","PRO","BE","2002",3160
"D1100A","PRO","BG","2002",1508.6
"D1100A","PRO","CY","2002",212.05
"D1100A","PRO","CZ","2002",2809.84
"D1100A","PRO","DE","2002",27904.44
"D1100A","PRO","DK","2002",4590.1
"D1100A","PRO","EE","2002",611.6
"D1100A","PRO","EL","2002",1877.1
"D1100A","PRO","ES","2002",7559.4
"D1100A","PRO","EU25","2002",147351.39
"D1100A","PRO","FI","2002",2532.03
"D1100A","PRO","FR","2002",26046.31
"D1100A","PRO","HR","2002",714
"D1100A","PRO","HU","2002",2137.07
"D1100A","PRO","IE","2002",5232.5
"D1100A","PRO","IS","2002",121.28
"D1100A","PRO","IT","2002",11467.1
"D1100A","PRO","LT","2002",1770.9
"D1100A","PRO","LU","2002",270.67
"D1100A","PRO","LV","2002",813.6
"D1100A","PRO","MT","2002",46.91
"D1100A","PRO","NL","2002",10795
"D1100A","PRO","PL","2002",11908
"D1100A","PRO","PT","2002",2234.46
"D1100A","PRO","SE","2002",3274
"D1100A","PRO","SI","2002",688
"D1100A","PRO","SK","2002",1217
"D1100A","PRO","UK","2002",14876.5
"D1100A","PRO","AT","2001",3323.7
"D1100A","PRO","BE","2001",3357
"D1100A","PRO","BG","2001",1391.9
"D1100A","PRO","CY","2001",199.5
"D1100A","PRO","CZ","2001",2783.06
"D1100A","PRO","DE","2001",28215.29
"D1100A","PRO","DK","2001",4552.8
"D1100A","PRO","EE","2001",684.8
"D1100A","PRO","EL","2001",1901.5
"D1100A","PRO","ES","2001",7402.4
"D1100A","PRO","EU25","2001",147883.23
"D1100A","PRO","EU28","2001",155429.13
"D1100A","PRO","FI","2001",2529.6
"D1100A","PRO","FR","2001",25628.3
"D1100A","PRO","HR","2001",672
"D1100A","PRO","HU","2001",2151.14
"D1100A","PRO","IE","2001",5381.7
"D1100A","PRO","IS","2001",116.65
"D1100A","PRO","IT","2001",11569.89
"D1100A","PRO","LT","2001",1729.8
"D1100A","PRO","LU","2001",269.67
"D1100A","PRO","LV","2001",848
"D1100A","PRO","MT","2001",49.6
"D1100A","PRO","NL","2001",11386.21
"D1100A","PRO","PL","2001",11923
"D1100A","PRO","PT","2001",2118.77
"D1100A","PRO","RO","2001",5482
"D1100A","PRO","SE","2001",3339
"D1100A","PRO","SI","2001",655
"D1100A","PRO","SK","2001",1169.4
"D1100A","PRO","UK","2001",14714.1
"D1100A","PRO","AT","2000",3257.3
"D1100A","PRO","BE","2000",3425
"D1100A","PRO","BG","2000",1705
"D1100A","PRO","CY","2000",192.6
"D1100A","PRO","CZ","2000",2789.24
"D1100A","PRO","DE","2000",28356.41
"D1100A","PRO","DK","2000",4719
"D1100A","PRO","EE","2000",630.3
"D1100A","PRO","EL","2000",1895.9
"D1100A","PRO","ES","2000",7147.3
"D1100A","PRO","EU25","2000",147221.83
"D1100A","PRO","EU28","2000",154874.83
"D1100A","PRO","FI","2000",2523.6
"D1100A","PRO","FR","2000",25660.96
"D1100A","PRO","HR","2000",625
"D1100A","PRO","HU","2000",2150.91
"D1100A","PRO","IE","2000",5211.7
"D1100A","PRO","IT","2000",11608.4
"D1100A","PRO","LT","2000",1724.7
"D1100A","PRO","LU","2000",264.48
"D1100A","PRO","LV","2000",825
"D1100A","PRO","MT","2000",49.73
"D1100A","PRO","NL","2000",11041
"D1100A","PRO","PL","2000",11930
"D1100A","PRO","PT","2000",2203.4
"D1100A","PRO","RO","2000",5323
"D1100A","PRO","SE","2000",3348
"D1100A","PRO","SI","2000",651
"D1100A","PRO","SK","2000",1120.3
"D1100A","PRO","UK","2000",14495.6
"D1100A","PRO","AT","1999",3155.3
"D1100A","PRO","BE","1999",3382
"D1100A","PRO","BG","1999",1706
"D1100A","PRO","CY","1999",178
"D1100A","PRO","CZ","1999",2818.08
"D1100A","PRO","DE","1999",28356.21
"D1100A","PRO","DK","1999",4591
"D1100A","PRO","EE","1999",626.7
"D1100A","PRO","EL","1999",1865.4
"D1100A","PRO","ES","1999",6804
"D1100A","PRO","EU25","1999",147617.57
"D1100A","PRO","EU28","1999",155382.57
"D1100A","PRO","FI","1999",2475.34
"D1100A","PRO","FR","1999",25569
"D1100A","PRO","HR","1999",641
"D1100A","PRO","HU","1999",2106.94
"D1100A","PRO","IE","1999",5172.4
"D1100A","PRO","IT","1999",11824.65
"D1100A","PRO","LT","1999",1714.2
"D1100A","PRO","LU","1999",266.57
"D1100A","PRO","LV","1999",798.7
"D1100A","PRO","MT","1999",50.79
"D1100A","PRO","NL","1999",11231
"D1100A","PRO","PL","1999",12314
"D1100A","PRO","PT","1999",2184
"D1100A","PRO","RO","1999",5418
"D1100A","PRO","SE","1999",3350
"D1100A","PRO","SI","1999",636
"D1100A","PRO","SK","1999",1126.1
"D1100A","PRO","UK","1999",15021.19
"D1100A","PRO","AL","1998",949
"D1100A","PRO","AT","1998",3066.3
"D1100A","PRO","BE","1998",3418
"D1100A","PRO","BG","1998",1637
"D1100A","PRO","CY","1998",177.9
"D1100A","PRO","CZ","1998",2797.48
"D1100A","PRO","DE","1998",28350.92
"D1100A","PRO","DK","1998",4603
"D1100A","PRO","EE","1998",730.4
"D1100A","PRO","EL","1998",1821.2
"D1100A","PRO","ES","1998",6729.2
"D1100A","PRO","EU12","1998",115338.17
"D1100A","PRO","EU28","1998",155307.42
"D1100A","PRO","FI","1998",2447.3
"D1100A","PRO","FR","1998",25541
"D1100A","PRO","HR","1998",653
"D1100A","PRO","HU","1998",2116.85
"D1100A","PRO","IE","1998",5141.8
"D1100A","PRO","IS","1998",117
"D1100A","PRO","IT","1998",11836
"D1100A","PRO","LT","1998",1929.9
"D1100A","PRO","LU","1998",264.05
"D1100A","PRO","LV","1998",950.2
"D1100A","PRO","MT","1998",49.22
"D1100A","PRO","NL","1998",11045
"D1100A","PRO","PL","1998",12638
"D1100A","PRO","PT","1998",1993
"D1100A","PRO","RO","1998",5603
"D1100A","PRO","SE","1998",3331
"D1100A","PRO","SI","1998",601
"D1100A","PRO","SK","1998",1196
"D1100A","PRO","UK","1998",14639.7
"D1100A","PRO","AL","1997",937
"D1100A","PRO","AT","1997",3037.3
"D1100A","PRO","BE","1997",3213
"D1100A","PRO","BG","1997",1479
"D1100A","PRO","CY","1997",177.8
"D1100A","PRO","CZ","1997",2784.09
"D1100A","PRO","DE","1997",28723.91
"D1100A","PRO","DK","1997",4568
"D1100A","PRO","EE","1997",717.1
"D1100A","PRO","EL","1997",1821.1
"D1100A","PRO","ES","1997",6632.5
"D1100A","PRO","EU12","1997",115437.39
"D1100A","PRO","EU28","1997",154760.12
"D1100A","PRO","FI","1997",2462.8
"D1100A","PRO","FR","1997",25622
"D1100A","PRO","HR","1997",641
"D1100A","PRO","HU","1997",1995.94
"D1100A","PRO","IE","1997",5307.5
"D1100A","PRO","IS","1997",113
"D1100A","PRO","IT","1997",11553
"D1100A","PRO","LT","1997",1949.7
"D1100A","PRO","LU","1997",263.92
"D1100A","PRO","LV","1997",987.6
"D1100A","PRO","MT","1997",48.4
"D1100A","PRO","NL","1997",10921
"D1100A","PRO","PL","1997",12165
"D1100A","PRO","PT","1997",1958
"D1100A","PRO","RO","1997",5793
"D1100A","PRO","SE","1997",3334
"D1100A","PRO","SI","1997",588.5
"D1100A","PRO","SK","1997",1167
"D1100A","PRO","UK","1997",14847.96
"D1100A","PRO","AL","1996",1132
"D1100A","PRO","AT","1996",2977.9
"D1100A","PRO","BE","1996",3416
"D1100A","PRO","BG","1996",1432
"D1100A","PRO","CY","1996",180.3
"D1100A","PRO","CZ","1996",3130.17
"D1100A","PRO","DE","1996",28801
"D1100A","PRO","DK","1996",4630
"D1100A","PRO","EE","1996",674.8
"D1100A","PRO","EL","1996",1788
"D1100A","PRO","ES","1996",6728.6
"D1100A","PRO","EU12","1996",116177.04
"D1100A","PRO","EU28","1996",155122.58
"D1100A","PRO","FI","1996",2431.2
"D1100A","PRO","FR","1996",25796
"D1100A","PRO","HR","1996",613
"D1100A","PRO","HU","1996",1982.85
"D1100A","PRO","IE","1996",5354.5
"D1100A","PRO","IS","1996",113
"D1100A","PRO","IT","1996",11777
"D1100A","PRO","LT","1996",1831.5
"D1100A","PRO","LU","1996",265.5
"D1100A","PRO","LV","1996",922.7
"D1100A","PRO","MT","1996",45.92
"D1100A","PRO","NL","1996",11013
"D1100A","PRO","PL","1996",11736
"D1100A","PRO","PT","1996",1928
"D1100A","PRO","RO","1996",5900
"D1100A","PRO","SE","1996",3316
"D1100A","PRO","SI","1996",594
"D1100A","PRO","SK","1996",1177
"D1100A","PRO","UK","1996",14679.64
"D1100A","PRO","AL","1995",1053
"D1100A","PRO","AT","1995",2967.7
"D1100A","PRO","BE","1995",3375
"D1100A","PRO","BG","1995",1447
"D1100A","PRO","CY","1995",180.9
"D1100A","PRO","CZ","1995",3121.93
"D1100A","PRO","DE","1995",28629
"D1100A","PRO","DK","1995",4673
"D1100A","PRO","EE","1995",706.9
"D1100A","PRO","EL","1995",1834.1
"D1100A","PRO","ES","1995",6676.8
"D1100A","PRO","EU12","1995",116119.47
"D1100A","PRO","EU28","1995",155072.26
"D1100A","PRO","FI","1995",2467.7
"D1100A","PRO","FR","1995",26079
"D1100A","PRO","HR","1995",607
"D1100A","PRO","HU","1995",1988.85
"D1100A","PRO","IE","1995",5347.1
"D1100A","PRO","IS","1995",114
"D1100A","PRO","IT","1995",11349
"D1100A","PRO","LT","1995",1818.9
"D1100A","PRO","LU","1995",268.6
"D1100A","PRO","LV","1995",947.7
"D1100A","PRO","MT","1995",44.91
"D1100A","PRO","NL","1995",11317.6
"D1100A","PRO","PL","1995",11666
"D1100A","PRO","PT","1995",1905
"D1100A","PRO","RO","1995",5854
"D1100A","PRO","SE","1995",3304
"D1100A","PRO","SI","1995",609
"D1100A","PRO","SK","1995",1203
"D1100A","PRO","UK","1995",14682.57
"D1100A","PRO","AL","1994",911
"D1100A","PRO","AT","1994",3278
"D1100A","PRO","BE","1994",3344
"D1100A","PRO","BG","1994",1464
"D1100A","PRO","CY","1994",167.1
"D1100A","PRO","CZ","1994",3228.02
"D1100A","PRO","DE","1994",27888
"D1100A","PRO","DK","1994",4641
"D1100A","PRO","EE","1994",771.8
"D1100A","PRO","EL","1994",1846.8
"D1100A","PRO","ES","1994",6354.2
"D1100A","PRO","EU12","1994",114186.15
"D1100A","PRO","EU28","1994",154041.99
"D1100A","PRO","FI","1994",2507
"D1100A","PRO","FR","1994",25914
"D1100A","PRO","HR","1994",620
"D1100A","PRO","HU","1994",1942
"D1100A","PRO","IE","1994",5401.6
"D1100A","PRO","IT","1994",10806.6
"D1100A","PRO","LT","1994",1896.4
"D1100A","PRO","LU","1994",261.6
"D1100A","PRO","LV","1994",1001.1
"D1100A","PRO","MT","1994",41.42
"D1100A","PRO","NL","1994",10963
"D1100A","PRO","PL","1994",12247
"D1100A","PRO","PT","1994",1784
"D1100A","PRO","RO","1994",5523
"D1100A","PRO","SE","1994",3421
"D1100A","PRO","SI","1994",559
"D1100A","PRO","SK","1994",1189
"D1100A","PRO","UK","1994",14981.35
"D1100A","PRO","AL","1993",749
"D1100A","PRO","AT","1993",3270
"D1100A","PRO","BE","1993",3329
"D1100A","PRO","BG","1993",1578
"D1100A","PRO","CY","1993",157.7
"D1100A","PRO","CZ","1993",3450.5
"D1100A","PRO","DE","1993",28120
"D1100A","PRO","DK","1993",4661
"D1100A","PRO","EE","1993",807.1
"D1100A","PRO","EL","1993",1828
"D1100A","PRO","ES","1993",6708
"D1100A","PRO","EU12","1993",114096.35
"D1100A","PRO","EU28","1993",154490.36
"D1100A","PRO","FI","1993",2457
"D1100A","PRO","FR","1993",25674
"D1100A","PRO","HR","1993",638
"D1100A","PRO","HU","1993",2086.7
"D1100A","PRO","IE","1993",5323.5
"D1100A","PRO","IT","1993",10758.6
"D1100A","PRO","LT","1993",2066.7
"D1100A","PRO","LU","1993",268.2
"D1100A","PRO","LV","1993",1156.8
"D1100A","PRO","MK","1993",178
"D1100A","PRO","MT","1993",41.51
"D1100A","PRO","NL","1993",10951
"D1100A","PRO","PL","1993",12665
"D1100A","PRO","PT","1993",1733
"D1100A","PRO","RO","1993",4883
"D1100A","PRO","SE","1993",3352
"D1100A","PRO","SI","1993",533
"D1100A","PRO","SK","1993",1251
"D1100A","PRO","UK","1993",14742.05
"D1100A","PRO","AL","1992",680
"D1100A","PRO","AT","1992",3287
"D1100A","PRO","BE","1992",3514
"D1100A","PRO","BG","1992",1861
"D1100A","PRO","CY","1992",146.6
"D1100A","PRO","CZ","1992",3809.97
"D1100A","PRO","DE","1992",28013
"D1100A","PRO","DK","1992",4605
"D1100A","PRO","EE","1992",919.3
"D1100A","PRO","EL","1992",1803
"D1100A","PRO","ES","1992",6786
"D1100A","PRO","EU12","1992",114732.41
"D1100A","PRO","EU28","1992",157108.59
"D1100A","PRO","FI","1992",2471
"D1100A","PRO","FR","1992",25958
"D1100A","PRO","HR","1992",728
"D1100A","PRO","HU","1992",2294.42
"D1100A","PRO","IE","1992",5378.3
"D1100A","PRO","IT","1992",11008.3
"D1100A","PRO","LT","1992",2420.6
"D1100A","PRO","LU","1992",260.4
"D1100A","PRO","LV","1992",1478.5
"D1100A","PRO","MK","1992",175
"D1100A","PRO","MT","1992",40.79
"D1100A","PRO","NL","1992",10901
"D1100A","PRO","PL","1992",13182
"D1100A","PRO","PT","1992",1826
"D1100A","PRO","RO","1992",4633
"D1100A","PRO","SE","1992",3200
"D1100A","PRO","SI","1992",533
"D1100A","PRO","SK","1992",1371
"D1100A","PRO","UK","1992",14679.41
"D1100A","PRO","AL","1991",579
"D1100A","PRO","AT","1991",3330
"D1100A","PRO","BE","1991",3543
"D1100A","PRO","BG","1991",2066
"D1100A","PRO","CY","1991",143.7
"D1100A","PRO","CZ","1991",4248.75
"D1100A","PRO","DE","1991",29085
"D1100A","PRO","DEW","1991",23276
"D1100A","PRO","DK","1991",4640
"D1100A","PRO","EE","1991",1092.8
"D1100A","PRO","EL","1991",1784.6
"D1100A","PRO","ES","1991",7206.6
"D1100A","PRO","EU10","1991",102094.03
"D1100A","PRO","EU12","1991",116945.63
"D1100A","PRO","EU28","1991",162968.26
"D1100A","PRO","EU9","1991",100309.43
"D1100A","PRO","FI","1991",2551
"D1100A","PRO","FR","1991",26316
"D1100A","PRO","HR","1991",790
"D1100A","PRO","HU","1991",2482.88
"D1100A","PRO","IE","1991",5338
"D1100A","PRO","IT","1991",11106
"D1100A","PRO","LT","1991",2915.6
"D1100A","PRO","LU","1991",265.09
"D1100A","PRO","LV","1991",1741
"D1100A","PRO","MK","1991",179
"D1100A","PRO","MT","1991",37.9
"D1100A","PRO","NL","1991",11047
"D1100A","PRO","PL","1991",14473
"D1100A","PRO","PT","1991",1836
"D1100A","PRO","RO","1991",4754
"D1100A","PRO","SE","1991",3200
"D1100A","PRO","SI","1991",624
"D1100A","PRO","SK","1991",1572
"D1100A","PRO","UK","1991",14778.34
"D1100A","PRO","AL","1990",568
"D1100A","PRO","AT","1990",3350
"D1100A","PRO","BE","1990",3610
"D1100A","PRO","BG","1990",2458
"D1100A","PRO","CY","1990",141.9
"D1100A","PRO","CZ","1990",4946.06
"D1100A","PRO","DE","1990",23694
"D1100A","PRO","DEW","1990",23694
"D1100A","PRO","DK","1990",4742
"D1100A","PRO","EE","1990",1208
"D1100A","PRO","EL","1990",1804.5
"D1100A","PRO","ES","1990",6506.8
"D1100A","PRO","EU10","1990",104241.64
"D1100A","PRO","EU28","1990",162842.2
"D1100A","PRO","EU9","1990",102437.14
"D1100A","PRO","FI","1990",2811
"D1100A","PRO","FR","1990",26901
"D1100A","PRO","HR","1990",937
"D1100A","PRO","HU","1990",2837.6
"D1100A","PRO","IE","1990",5395.5
"D1100A","PRO","IT","1990",11253.8
"D1100A","PRO","LT","1990",3157
"D1100A","PRO","LU","1990",290.25
"D1100A","PRO","LV","1990",1893.2
"D1100A","PRO","MK","1990",180
"D1100A","PRO","MT","1990",37
"D1100A","PRO","NL","1990",11285
"D1100A","PRO","PL","1990",15860
"D1100A","PRO","PT","1990",1832
"D1100A","PRO","RO","1990",4561
"D1100A","PRO","SE","1990",3508
"D1100A","PRO","SI","1990",579
"D1100A","PRO","SK","1990",1977
"D1100A","PRO","UK","1990",15265.59
"D1100A","PRO","AL","1989",505
"D1100A","PRO","BE","1989",3632
"D1100A","PRO","BG","1989",2512
"D1100A","PRO","CY","1989",132
"D1100A","PRO","CZ","1989",5039.79
"D1100A","PRO","DE","1989",24262
"D1100A","PRO","DEW","1989",24262
"D1100A","PRO","DK","1989",4747
"D1100A","PRO","EE","1989",1277.2
"D1100A","PRO","EL","1989",1778.6
"D1100A","PRO","ES","1989",6392.8
"D1100A","PRO","EU10","1989",104258.68
"D1100A","PRO","EU9","1989",102480.08
"D1100A","PRO","FR","1989",26655
"D1100A","PRO","HR","1989",989
"D1100A","PRO","HU","1989",2871.85
"D1100A","PRO","IE","1989",5374.5
"D1100A","PRO","IT","1989",11279.3
"D1100A","PRO","LT","1989",3234.9
"D1100A","PRO","LU","1989",285.28
"D1100A","PRO","LV","1989",1976.7
"D1100A","PRO","MK","1989",179
"D1100A","PRO","MT","1989",34.38
"D1100A","PRO","NL","1989",11321
"D1100A","PRO","PL","1989",16430
"D1100A","PRO","PT","1989",1735
"D1100A","PRO","RO","1989",4666
"D1100A","PRO","SI","1989",583
"D1100A","PRO","SK","1989",2001
"D1100A","PRO","UK","1989",14974.22
"D1100A","PRO","AL","1988",486
"D1100A","PRO","BE","1988",3637
"D1100A","PRO","BG","1988",2570
"D1100A","PRO","CY","1988",122.5
"D1100A","PRO","CZ","1988",4905.89
"D1100A","PRO","DE","1988",24000
"D1100A","PRO","DEW","1988",24000
"D1100A","PRO","DK","1988",4740
"D1100A","PRO","EE","1988",1288.6
"D1100A","PRO","EL","1988",1812.6
"D1100A","PRO","ES","1988",6362.7
"D1100A","PRO","EU10","1988",106429.99
"D1100A","PRO","EU9","1988",104617.39
"D1100A","PRO","FR","1988",27251
"D1100A","PRO","HR","1988",1035
"D1100A","PRO","HU","1988",2881.22
"D1100A","PRO","IE","1988",5323.1
"D1100A","PRO","IT","1988",11431.9
"D1100A","PRO","LT","1988",3208.6
"D1100A","PRO","LU","1988",285.39
"D1100A","PRO","LV","1988",1974
"D1100A","PRO","MK","1988",173
"D1100A","PRO","MT","1988",34.01
"D1100A","PRO","NL","1988",11406
"D1100A","PRO","PL","1988",15644
"D1100A","PRO","PT","1988",1634
"D1100A","PRO","RO","1988",5396
"D1100A","PRO","SI","1988",585
"D1100A","PRO","SK","1988",1997
"D1100A","PRO","UK","1988",15193.91
"D1100A","PRO","AL","1987",452
"D1100A","PRO","BE","1987",3781.7
"D1100A","PRO","BG","1987",2590
"D1100A","PRO","CY","1987",118.2
"D1100A","PRO","CZ","1987",4883.23
"D1100A","PRO","DE","1987",24458
"D1100A","PRO","DEW","1987",24458
"D1100A","PRO","DK","1987",4860
"D1100A","PRO","EE","1987",1290.2
"D1100A","PRO","EL","1987",1762.41
"D1100A","PRO","ES","1987",6530.3
"D1100A","PRO","EU10","1987",108903.5
"D1100A","PRO","EU9","1987",107141.09
"D1100A","PRO","FR","1987",27791
"D1100A","PRO","HR","1987",1046
"D1100A","PRO","HU","1987",2824.57
"D1100A","PRO","IE","1987",5521.5
"D1100A","PRO","IT","1987",11584.6
"D1100A","PRO","LT","1987",3119.8
"D1100A","PRO","LU","1987",293.29
"D1100A","PRO","LV","1987",1987.7
"D1100A","PRO","MK","1987",181
"D1100A","PRO","MT","1987",33.83
"D1100A","PRO","NL","1987",11673
"D1100A","PRO","PL","1987",15542
"D1100A","PRO","PT","1987",1573
"D1100A","PRO","RO","1987",5165
"D1100A","PRO","SI","1987",583
"D1100A","PRO","SK","1987",1978
"D1100A","PRO","UK","1987",15522.22
"D1100A","PRO","BE","1986",3922.5
"D1100A","PRO","DE","1986",26372
"D1100A","PRO","DEW","1986",26372
"D1100A","PRO","DK","1986",5111
"D1100A","PRO","EL","1986",1807.53
"D1100A","PRO","ES","1986",6691.5
"D1100A","PRO","EU10","1986",114042.17
"D1100A","PRO","EU9","1986",112234.64
"D1100A","PRO","FR","1986",28648
"D1100A","PRO","IE","1986",5614.2
"D1100A","PRO","IT","1986",11575
"D1100A","PRO","LU","1986",298.94
"D1100A","PRO","NL","1986",12695
"D1100A","PRO","PT","1986",1458
"D1100A","PRO","UK","1986",16358.69
"D1100A","PRO","BE","1985",3800
"D1100A","PRO","DE","1985",25696
"D1100A","PRO","DEW","1985",25696
"D1100A","PRO","DK","1985",5099
"D1100A","PRO","EL","1985",1796.53
"D1100A","PRO","EU10","1985",112985.99
"D1100A","PRO","EU9","1985",111189.46
"D1100A","PRO","FR","1985",28371
"D1100A","PRO","IE","1985",5822.5
"D1100A","PRO","IT","1985",11759.2
"D1100A","PRO","LU","1985",300.76
"D1100A","PRO","NL","1985",12550
"D1100A","PRO","UK","1985",16140.39
"D1100A","PRO","BE","1984",3822
"D1100A","PRO","DE","1984",26173
"D1100A","PRO","DEW","1984",26173
"D1100A","PRO","DK","1984",5234
"D1100A","PRO","EL","1984",1857.44
"D1100A","PRO","EU10","1984",113778.43
"D1100A","PRO","EU9","1984",111920.99
"D1100A","PRO","FR","1984",28303
"D1100A","PRO","IE","1984",5729.51
"D1100A","PRO","IT","1984",11696.1
"D1100A","PRO","LU","1984",299.38
"D1100A","PRO","NL","1984",12782
"D1100A","PRO","UK","1984",16222.77
"D1100A","PRO","BE","1983",3871.65
"D1100A","PRO","DE","1983",26935
"D1100A","PRO","DEW","1983",26935
"D1100A","PRO","DK","1983",5427
"D1100A","PRO","EL","1983",1781.56
"D1100A","PRO","EU10","1983",115866.79
"D1100A","PRO","EU9","1983",114085.23
"D1100A","PRO","FR","1983",28253
"D1100A","PRO","IE","1983",5491.06
"D1100A","PRO","IT","1983",11648.9
"D1100A","PRO","LU","1983",289.62
"D1100A","PRO","NL","1983",13240
"D1100A","PRO","UK","1983",17260.69
"D1100A","PRO","BE","1982",3804.46
"D1100A","PRO","DE","1982",25487
"D1100A","PRO","DEW","1982",25487
"D1100A","PRO","DK","1982",5217
"D1100A","PRO","EL","1982",2137.1
"D1100A","PRO","EU10","1982",112429.39
"D1100A","PRO","EU9","1982",110292.29
"D1100A","PRO","FR","1982",27747
"D1100A","PRO","IE","1982",5099.03
"D1100A","PRO","IT","1982",11488.1
"D1100A","PRO","LU","1982",278.7
"D1100A","PRO","NL","1982",12708
"D1100A","PRO","UK","1982",16759.23
"D1100A","PRO","BE","1981",3789.86
"D1100A","PRO","DE","1981",24880
"D1100A","PRO","DEW","1981",24880
"D1100A","PRO","DK","1981",5037
"D1100A","PRO","EL","1981",2176.35
"D1100A","PRO","EU10","1981",109282.2
"D1100A","PRO","EU9","1981",107105.85
"D1100A","PRO","FR","1981",27341
"D1100A","PRO","IE","1981",4676.89
"D1100A","PRO","IT","1981",11341.4
"D1100A","PRO","LU","1981",269.7
"D1100A","PRO","NL","1981",12147
"D1100A","PRO","UK","1981",15865.46
"D1100A","PRO","BE","1980",3763.33
"D1100A","PRO","DE","1980",24801
"D1100A","PRO","DEW","1980",24801
"D1100A","PRO","DK","1980",5117
"D1100A","PRO","EL","1980",1694.4
"D1100A","PRO","EU10","1980",108882.66
"D1100A","PRO","EU9","1980",107188.26
"D1100A","PRO","FR","1980",27480
"D1100A","PRO","IE","1980",4708.73
"D1100A","PRO","IT","1980",11437.6
"D1100A","PRO","LU","1980",269.6
"D1100A","PRO","NL","1980",11785
"D1100A","PRO","UK","1980",15973.58
"D1100A","PRO","BE","1979",3770.88
"D1100A","PRO","DE","1979",23929
"D1100A","PRO","DEW","1979",23929
"D1100A","PRO","DK","1979",5225
"D1100A","PRO","EL","1979",1703.98
"D1100A","PRO","EU10","1979",108393.01
"D1100A","PRO","EU9","1979",106689.03
"D1100A","PRO","FR","1979",27983
"D1100A","PRO","IE","1979",4795.15
"D1100A","PRO","IT","1979",11292.3
"D1100A","PRO","LU","1979",262.7
"D1100A","PRO","NL","1979",11592
"D1100A","PRO","UK","1979",15916.95
"D1100A","PRO","BE","1978",3766
"D1100A","PRO","DE","1978",23318
"D1100A","PRO","DEW","1978",23318
"D1100A","PRO","DK","1978",5324
"D1100A","PRO","EL","1978",1664.64
"D1100A","PRO","EU10","1978",106464.47
"D1100A","PRO","EU9","1978",104799.83
"D1100A","PRO","FR","1978",27205
"D1100A","PRO","IE","1978",4689.32
"D1100A","PRO","IT","1978",10882.51
"D1100A","PRO","LU","1978",256
"D1100A","PRO","NL","1978",11363
"D1100A","PRO","UK","1978",15902.53
"D1100A","PRO","BE","1977",3623
"D1100A","PRO","DE","1977",22547
"D1100A","PRO","DEW","1977",22547
"D1100A","PRO","DK","1977",5138
"D1100A","PRO","EL","1977",1667.67
"D1100A","PRO","EU10","1977",102351.15
"D1100A","PRO","EU9","1977",100683.48
"D1100A","PRO","FR","1977",26476
"D1100A","PRO","IE","1977",4150.48
"D1100A","PRO","IT","1977",10572
"D1100A","PRO","LU","1977",249
"D1100A","PRO","NL","1977",10612
"D1100A","PRO","UK","1977",15189.99
"D1100A","PRO","BE","1976",3592
"D1100A","PRO","DE","1976",22189
"D1100A","PRO","DEW","1976",22189
"D1100A","PRO","DK","1976",5045
"D1100A","PRO","EL","1976",1703.68
"D1100A","PRO","EU10","1976",99950.935
"D1100A","PRO","EU9","1976",98247.25
"D1100A","PRO","FR","1976",25878
"D1100A","PRO","IE","1976",3858.25
"D1100A","PRO","IT","1976",10286
"D1100A","PRO","LU","1976",250
"D1100A","PRO","NL","1976",10490
"D1100A","PRO","UK","1976",14401.24
"D1100A","PRO","BE","1975",3621
"D1100A","PRO","DE","1975",21628
"D1100A","PRO","DEW","1975",21628
"D1100A","PRO","DK","1975",4918
"D1100A","PRO","EL","1975",1688.18
"D1100A","PRO","EU10","1975",98325.437
"D1100A","PRO","EU9","1975",96637.26
"D1100A","PRO","FR","1975",26079
"D1100A","PRO","IE","1975",3591.26
"D1100A","PRO","IT","1975",10091
"D1100A","PRO","LU","1975",248
"D1100A","PRO","NL","1975",10221
"D1100A","PRO","UK","1975",13922.44
"D1100A","PRO","BE","1974",3708
"D1100A","PRO","DE","1974",21532
"D1100A","PRO","DEW","1974",21532
"D1100A","PRO","DK","1974",4818
"D1100A","PRO","EL","1974",1615.9
"D1100A","PRO","EU10","1974",97716.825
"D1100A","PRO","EU9","1974",96100.92
"D1100A","PRO","FR","1974",26059
"D1100A","PRO","IE","1974",3335.92
"D1100A","PRO","IT","1974",10195
"D1100A","PRO","LU","1974",251
"D1100A","PRO","NL","1974",9915
"D1100A","PRO","UK","1974",13964.66
"D1100A","PRO","BE","1973",3611
"D1100A","PRO","DE","1973",21290
"D1100A","PRO","DEW","1973",21290
"D1100A","PRO","DK","1973",4729
"D1100A","PRO","EL","1973",1569.27
"D1100A","PRO","EU10","1973",97077.406
"D1100A","PRO","EU9","1973",95508.14
"D1100A","PRO","FR","1973",25956
"D1100A","PRO","IE","1973",3462.14
"D1100A","PRO","IT","1973",10383
"D1100A","PRO","LU","1973",239
"D1100A","PRO","NL","1973",9354
"D1100A","PRO","UK","1973",14413.6
"D1100A","PRO","BE","1972",3647
"D1100A","PRO","DE","1972",21513
"D1100A","PRO","DEW","1972",21513
"D1100A","PRO","DK","1972",4786
"D1100A","PRO","EU9","1972",95146.92
"D1100A","PRO","FR","1972",25565
"D1100A","PRO","IE","1972",3935.92
"D1100A","PRO","IT","1972",10536
"D1100A","PRO","LU","1972",232
"D1100A","PRO","NL","1972",8951
"D1100A","PRO","UK","1972",14137
"D1100A","PRO","BE","1971",3601
"D1100A","PRO","DE","1971",21195
"D1100A","PRO","DEW","1971",21195
"D1100A","PRO","DK","1971",4556
"D1100A","PRO","EU9","1971",90976.78
"D1100A","PRO","FR","1971",24337
"D1100A","PRO","IE","1971",3740.78
"D1100A","PRO","IT","1971",9977
"D1100A","PRO","LU","1971",218
"D1100A","PRO","NL","1971",8392
"D1100A","PRO","UK","1971",13274
"D1100A","PRO","BE","1970",3745
"D1100A","PRO","DE","1970",21893
"D1100A","PRO","DEW","1970",21893
"D1100A","PRO","DK","1970",4637
"D1100A","PRO","EU9","1970",90958.01
"D1100A","PRO","FR","1970",24012
"D1100A","PRO","IE","1970",3633.01
"D1100A","PRO","IT","1970",10070
"D1100A","PRO","LU","1970",217
"D1100A","PRO","NL","1970",8239
"D1100A","PRO","UK","1970",12940
"D1100A","PRO","BE","1969",3920
"D1100A","PRO","DE","1969",22262
"D1100A","PRO","DEW","1969",22262
"D1100A","PRO","DK","1969",4872
"D1100A","PRO","EU9","1969",91781.47
"D1100A","PRO","FR","1969",24337
"D1100A","PRO","IE","1969",3684.47
"D1100A","PRO","IT","1969",10330
"D1100A","PRO","LU","1969",211
"D1100A","PRO","NL","1969",7975
"D1100A","PRO","UK","1969",12720
"D1100A","PRO","BE","1968",3913
"D1100A","PRO","DE","1968",22176
"D1100A","PRO","DEW","1968",22176
"D1100A","PRO","DK","1968",5122
"D1100A","PRO","EU9","1968",92322.87
"D1100A","PRO","FR","1968",24848
"D1100A","PRO","IE","1968",3670.87
"D1100A","PRO","IT","1968",10659
"D1100A","PRO","LU","1968",215
"D1100A","PRO","NL","1968",7710
"D1100A","PRO","UK","1968",12602
"D1100A","PRO","BE","1967",3872
"D1100A","PRO","DE","1967",21777
"D1100A","PRO","DEW","1967",21777
"D1100A","PRO","DK","1967",5193
"D1100A","PRO","EU9","1967",90310.17
"D1100A","PRO","FR","1967",23996
"D1100A","PRO","IE","1967",3461.17
"D1100A","PRO","IT","1967",10601
"D1100A","PRO","LU","1967",208
"D1100A","PRO","NL","1967",7535
"D1100A","PRO","UK","1967",12306
"D1100A","PRO","BE","1966",3767
"D1100A","PRO","DE","1966",21429
"D1100A","PRO","DEW","1966",21429
"D1100A","PRO","DK","1966",5306
"D1100A","PRO","EU9","1966",87933.04
"D1100A","PRO","FR","1966",22657
"D1100A","PRO","IE","1966",3232.04
"D1100A","PRO","IT","1966",10868
"D1100A","PRO","LU","1966",196
"D1100A","PRO","NL","1966",7236
"D1100A","PRO","UK","1966",11938
"D1100A","PRO","BE","1965",3772
"D1100A","PRO","DE","1965",21268
"D1100A","PRO","DEW","1965",21268
"D1100A","PRO","DK","1965",5367
"D1100A","PRO","EU9","1965",85931.75
"D1100A","PRO","FR","1965",21485
"D1100A","PRO","IE","1965",3141.75
"D1100A","PRO","IT","1965",10255
"D1100A","PRO","LU","1965",188
"D1100A","PRO","NL","1965",7143
"D1100A","PRO","UK","1965",12089
"D1100A","PRO","BE","1964",3692
"D1100A","PRO","DE","1964",20945
"D1100A","PRO","DEW","1964",20945
"D1100A","PRO","DK","1964",5233
"D1100A","PRO","EU9","1964",82499.97
"D1100A","PRO","FR","1964",20056
"D1100A","PRO","IE","1964",3000.97
"D1100A","PRO","IT","1964",9641
"D1100A","PRO","LU","1964",182
"D1100A","PRO","NL","1964",6956
"D1100A","PRO","UK","1964",11717
"D1100A","PRO","BE","1963",3837
"D1100A","PRO","DE","1963",20846
"D1100A","PRO","DEW","1963",20846
"D1100A","PRO","DK","1963",5086
"D1100A","PRO","EU9","1963",81821.23
"D1100A","PRO","FR","1963",19668
"D1100A","PRO","IE","1963",2892.23
"D1100A","PRO","IT","1963",9278
"D1100A","PRO","LU","1963",195
"D1100A","PRO","NL","1963",7011
"D1100A","PRO","UK","1963",11974
"D1100A","PRO","BE","1962",3972
"D1100A","PRO","DE","1962",20472
"D1100A","PRO","DEW","1962",20472
"D1100A","PRO","DK","1962",5355
"D1100A","PRO","EU9","1962",82522.7
"D1100A","PRO","FR","1962",18817
"D1100A","PRO","IE","1962",2876.7
"D1100A","PRO","IT","1962",10286
"D1100A","PRO","LU","1962",195
"D1100A","PRO","NL","1962",7269
"D1100A","PRO","UK","1962",12336
"D1100A","PRO","BE","1961",3918
"D1100A","PRO","DE","1961",20085
"D1100A","PRO","DEW","1961",20085
"D1100A","PRO","DK","1961",5524
"D1100A","PRO","EU9","1961",81505.64
"D1100A","PRO","FR","1961",18467
"D1100A","PRO","IE","1961",2778.64
"D1100A","PRO","IT","1961",10670
"D1100A","PRO","LU","1961",207
"D1100A","PRO","NL","1961",6953
"D1100A","PRO","UK","1961",12036
"D1100A","PRO","BE","1960",3914
"D1100A","PRO","DE","1960",19490
"D1100A","PRO","DEW","1960",19490
"D1100A","PRO","DK","1960",5399
"D1100A","PRO","EU9","1960",79300.02
"D1100A","PRO","FR","1960",17811
"D1100A","PRO","IE","1960",2666.02
"D1100A","PRO","IT","1960",10479
"D1100A","PRO","LU","1960",200
"D1100A","PRO","NL","1960",6838
"D1100A","PRO","UK","1960",11524
