"prod_bal","bal_item","geo","time","values"
"B2200","10HL","AT","2016",2268.4
"B2200","10HL","BE","2016",10.3
"B2200","10HL","BG","2016",1568
"B2200","10HL","CY","2016",79.3
"B2200","10HL","CZ","2016",783
"B2200","10HL","DE","2016",8907
"B2200","10HL","EE","2016",0
"B2200","10HL","EL","2016",2501.1
"B2200","10HL","ES","2016",43284
"B2200","10HL","FR","2016",47857
"B2200","10HL","HR","2016",992
"B2200","10HL","IE","2016",0
"B2200","10HL","IT","2016",50700
"B2200","10HL","LT","2016",0
"B2200","10HL","LU","2016",111
"B2200","10HL","PT","2016",7045
"B2200","10HL","SI","2016",823.102
"B2200","10HL","SK","2016",342.96
"B2200","10HL","TR","2016",561.948
"B2200","10HL","UK","2016",38
"B2200","10HL","AT","2015",1998.7
"B2200","10HL","BE","2015",7
"B2200","10HL","BG","2015",881
"B2200","10HL","CY","2015",93.6
"B2200","10HL","CZ","2015",536
"B2200","10HL","DE","2015",9294
"B2200","10HL","EL","2015",2800
"B2200","10HL","ES","2015",45015
"B2200","10HL","FR","2015",47423
"B2200","10HL","HR","2015",842
"B2200","10HL","IE","2015",0
"B2200","10HL","IT","2015",42088
"B2200","10HL","LT","2015",0
"B2200","10HL","LU","2015",125
"B2200","10HL","MT","2015",21.4
"B2200","10HL","PT","2015",6206
"B2200","10HL","SI","2015",659.463
"B2200","10HL","SK","2015",286.15
"B2200","10HL","UK","2015",27
"B2200","10HL","AT","2014",2392
"B2200","10HL","BE","2014",5.5
"B2200","10HL","BG","2014",1913
"B2200","10HL","CY","2014",108.1
"B2200","10HL","CZ","2014",520.11
"B2200","10HL","DE","2014",8493
"B2200","10HL","EL","2014",3343
"B2200","10HL","ES","2014",53550
"B2200","10HL","FR","2014",42316
"B2200","10HL","HR","2014",1249
"B2200","10HL","IE","2014",0
"B2200","10HL","IT","2014",47966
"B2200","10HL","LT","2014",0
"B2200","10HL","LU","2014",101
"B2200","10HL","LV","2014",26.4
"B2200","10HL","MT","2014",21.2
"B2200","10HL","PT","2014",6231
"B2200","10HL","SE","2014",0
"B2200","10HL","SK","2014",373.49
"B2200","10HL","UK","2014",33
"B2200","10HL","AT","2013",2154.8
"B2200","10HL","BE","2013",2.9
"B2200","10HL","BG","2013",1442
"B2200","10HL","CY","2013",111.83
"B2200","10HL","CZ","2013",487
"B2200","10HL","DE","2013",9102
"B2200","10HL","EE","2013",0
"B2200","10HL","EL","2013",3115.3
"B2200","10HL","ES","2013",35778
"B2200","10HL","FR","2013",41363
"B2200","10HL","HR","2013",1249
"B2200","10HL","IE","2013",0
"B2200","10HL","IT","2013",41074
"B2200","10HL","LT","2013",0
"B2200","10HL","LU","2013",85
"B2200","10HL","MT","2013",21.9
"B2200","10HL","PT","2013",6308
"B2200","10HL","SE","2013",0
"B2200","10HL","SI","2013",646.26
"B2200","10HL","SK","2013",325.27
"B2200","10HL","UK","2013",8
"B2200","10HL","AT","2012",2814.8
"B2200","10HL","BE","2012",5.4
"B2200","10HL","BG","2012",1236
"B2200","10HL","CY","2012",84.3
"B2200","10HL","CZ","2012",650
"B2200","10HL","DE","2012",9223
"B2200","10HL","EE","2012",0
"B2200","10HL","EL","2012",2750
"B2200","10HL","ES","2012",38633
"B2200","10HL","FI","2012",0
"B2200","10HL","FR","2012",51086
"B2200","10HL","IE","2012",0
"B2200","10HL","IT","2012",42705
"B2200","10HL","LT","2012",0
"B2200","10HL","LU","2012",132
"B2200","10HL","MT","2012",40
"B2200","10HL","PT","2012",5622
"B2200","10HL","SE","2012",0
"B2200","10HL","SI","2012",849.779
"B2200","10HL","SK","2012",369.29
"B2200","10HL","UK","2012",23
"B2200","10HL","AT","2011",1737.4
"B2200","10HL","BE","2011",4.7
"B2200","10HL","BG","2011",1224
"B2200","10HL","CY","2011",114.3
"B2200","10HL","CZ","2011",390
"B2200","10HL","DE","2011",6976
"B2200","10HL","EE","2011",0
"B2200","10HL","EL","2011",2950
"B2200","10HL","ES","2011",40892
"B2200","10HL","FR","2011",45373
"B2200","10HL","IE","2011",0
"B2200","10HL","IT","2011",46734
"B2200","10HL","LT","2011",0
"B2200","10HL","LU","2011",110
"B2200","10HL","MT","2011",40
"B2200","10HL","NL","2011",0
"B2200","10HL","PT","2011",7148
"B2200","10HL","SE","2011",0
"B2200","10HL","SI","2011",759.787
"B2200","10HL","SK","2011",207.15
"B2200","10HL","UK","2011",30
"B2200","10HL","AT","2010",2351.9
"B2200","10HL","BE","2010",3
"B2200","10HL","BG","2010",1426
"B2200","10HL","CY","2010",146.52
"B2200","10HL","CZ","2010",570
"B2200","10HL","DE","2010",9320
"B2200","10HL","EE","2010",0
"B2200","10HL","EL","2010",3365.6
"B2200","10HL","ES","2010",39259
"B2200","10HL","FI","2010",0
"B2200","10HL","FR","2010",46743
"B2200","10HL","HU","2010",3343.7
"B2200","10HL","IE","2010",0
"B2200","10HL","IT","2010",45800
"B2200","10HL","LT","2010",0
"B2200","10HL","LU","2010",135
"B2200","10HL","LV","2010",0
"B2200","10HL","MT","2010",40
"B2200","10HL","NL","2010",0
"B2200","10HL","PT","2010",5894
"B2200","10HL","SI","2010",789.985
"B2200","10HL","SK","2010",346.33
"B2200","10HL","UK","2010",24
"B2200","10HL","AT","2009",2993.7
"B2200","10HL","BE","2009",3
"B2200","10HL","BG","2009",1617
"B2200","10HL","CY","2009",154.36
"B2200","10HL","CZ","2009",840.3
"B2200","10HL","DE","2009",10089
"B2200","10HL","EE","2009",0
"B2200","10HL","EL","2009",3869.1
"B2200","10HL","ES","2009",41583
"B2200","10HL","FI","2009",0
"B2200","10HL","FR","2009",42806
"B2200","10HL","HU","2009",3448.8
"B2200","10HL","IT","2009",46245
"B2200","10HL","LT","2009",0
"B2200","10HL","LU","2009",130
"B2200","10HL","LV","2009",60.5
"B2200","10HL","MT","2009",32.1
"B2200","10HL","NL","2009",0
"B2200","10HL","PT","2009",5620
"B2200","10HL","SI","2009",740
"B2200","10HL","SK","2009",433.02
"B2200","10HL","UK","2009",10
"B2200","10HL","AT","2008",2628
"B2200","10HL","BE","2008",3
"B2200","10HL","BG","2008",1796
"B2200","10HL","CY","2008",217
"B2200","10HL","CZ","2008",434
"B2200","10HL","DE","2008",10363
"B2200","10HL","EL","2008",3511
"B2200","10HL","ES","2008",42140
"B2200","10HL","FR","2008",46547
"B2200","10HL","HU","2008",3221.7
"B2200","10HL","IE","2008",0
"B2200","10HL","IT","2008",42514
"B2200","10HL","LU","2008",142
"B2200","10HL","LV","2008",66.8
"B2200","10HL","MT","2008",37.9
"B2200","10HL","NL","2008",0
"B2200","10HL","PL","2008",0
"B2200","10HL","PT","2008",6073
"B2200","10HL","RO","2008",5288.8
"B2200","10HL","SI","2008",857.8
"B2200","10HL","SK","2008",357.61
"B2200","10HL","UK","2008",10
"B2200","10HL","AT","2007",2256.3
"B2200","10HL","BE","2007",3
"B2200","10HL","BG","2007",1757
"B2200","10HL","CY","2007",218
"B2200","10HL","CZ","2007",434
"B2200","10HL","DE","2007",9000
"B2200","10HL","DK","2007",0
"B2200","10HL","EE","2007",0
"B2200","10HL","EL","2007",3937.4
"B2200","10HL","ES","2007",43676
"B2200","10HL","FI","2007",0
"B2200","10HL","FR","2007",53025
"B2200","10HL","HU","2007",3144.3
"B2200","10HL","IE","2007",0
"B2200","10HL","IT","2007",49631
"B2200","10HL","LT","2007",0
"B2200","10HL","LU","2007",130
"B2200","10HL","LV","2007",0
"B2200","10HL","MT","2007",47.9
"B2200","10HL","NL","2007",0
"B2200","10HL","PL","2007",0
"B2200","10HL","PT","2007",7542
"B2200","10HL","RO","2007",5015
"B2200","10HL","SI","2007",738.4
"B2200","10HL","SK","2007",328.1
"B2200","10HL","UK","2007",25
"B2200","10HL","AT","2006",2264
"B2200","10HL","BE","2006",3
"B2200","10HL","BG","2006",1708
"B2200","10HL","CY","2006",241.155
"B2200","10HL","CZ","2006",438
"B2200","10HL","DE","2006",9256
"B2200","10HL","DK","2006",0
"B2200","10HL","EE","2006",0
"B2200","10HL","EL","2006",4027
"B2200","10HL","ES","2006",41119
"B2200","10HL","FI","2006",0
"B2200","10HL","FR","2006",53314
"B2200","10HL","HU","2006",3103.3
"B2200","10HL","IE","2006",0
"B2200","10HL","IT","2006",50566
"B2200","10HL","LT","2006",0
"B2200","10HL","LU","2006",135
"B2200","10HL","LV","2006",0
"B2200","10HL","MT","2006",60
"B2200","10HL","NL","2006",0
"B2200","10HL","PL","2006",0
"B2200","10HL","PT","2006",7267
"B2200","10HL","RO","2006",2602.2
"B2200","10HL","SI","2006",846
"B2200","10HL","SK","2006",302.22
"B2200","10HL","UK","2006",13
"B2200","10HL","AT","2005",2734.5
"B2200","10HL","BE","2005",4
"B2200","10HL","BG","2005",1961
"B2200","10HL","CY","2005",331.79
"B2200","10HL","CZ","2005",580
"B2200","10HL","DE","2005",10107
"B2200","10HL","DK","2005",0
"B2200","10HL","EE","2005",0
"B2200","10HL","EL","2005",4295
"B2200","10HL","ES","2005",50062
"B2200","10HL","FI","2005",0
"B2200","10HL","FR","2005",58845
"B2200","10HL","HU","2005",5271.8
"B2200","10HL","IE","2005",0
"B2200","10HL","IT","2005",53135
"B2200","10HL","LT","2005",0
"B2200","10HL","LU","2005",156
"B2200","10HL","LV","2005",0
"B2200","10HL","MT","2005",70
"B2200","10HL","NL","2005",0
"B2200","10HL","PL","2005",0
"B2200","10HL","PT","2005",7481
"B2200","10HL","RO","2005",6166.1
"B2200","10HL","SI","2005",944
"B2200","10HL","SK","2005",409.58
"B2200","10HL","UK","2005",19
"B2200","10HL","AT","2004",2529.8
"B2200","10HL","BE","2004",2
"B2200","10HL","BG","2004",2327
"B2200","10HL","CY","2004",366.795
"B2200","10HL","CZ","2004",560
"B2200","10HL","DE","2004",8191
"B2200","10HL","DK","2004",0
"B2200","10HL","EE","2004",0
"B2200","10HL","EL","2004",3804
"B2200","10HL","ES","2004",48620
"B2200","10HL","FI","2004",0
"B2200","10HL","FR","2004",47519
"B2200","10HL","IE","2004",0
"B2200","10HL","IT","2004",44086
"B2200","10HL","LT","2004",0
"B2200","10HL","LU","2004",123
"B2200","10HL","LV","2004",0
"B2200","10HL","MT","2004",59.7
"B2200","10HL","NL","2004",0
"B2200","10HL","PL","2004",0
"B2200","10HL","PT","2004",7340
"B2200","10HL","SI","2004",731
"B2200","10HL","SK","2004",515.49
"B2200","10HL","UK","2004",14.5
"B2200","10HL","AT","2003",2599.4
"B2200","10HL","BE","2003",2
"B2200","10HL","BG","2003",2065
"B2200","10HL","CY","2003",375.304
"B2200","10HL","CZ","2003",495
"B2200","10HL","DE","2003",9984
"B2200","10HL","DK","2003",0
"B2200","10HL","EE","2003",0
"B2200","10HL","EL","2003",3098
"B2200","10HL","ES","2003",39419
"B2200","10HL","FI","2003",0
"B2200","10HL","FR","2003",51966
"B2200","10HL","IE","2003",0
"B2200","10HL","IT","2003",44604
"B2200","10HL","LT","2003",0
"B2200","10HL","LU","2003",154
"B2200","10HL","LV","2003",0
"B2200","10HL","MT","2003",62.2
"B2200","10HL","NL","2003",0
"B2200","10HL","PT","2003",6677
"B2200","10HL","SK","2003",340.43
"B2200","10HL","UK","2003",9.4
"B2200","10HL","AT","2002",2530.6
"B2200","10HL","BE","2002",2
"B2200","10HL","BG","2002",1910
"B2200","10HL","CZ","2002",545
"B2200","10HL","DE","2002",8980
"B2200","10HL","DK","2002",0
"B2200","10HL","EE","2002",0
"B2200","10HL","EL","2002",3475
"B2200","10HL","ES","2002",33937
"B2200","10HL","FI","2002",0
"B2200","10HL","FR","2002",55339
"B2200","10HL","IE","2002",0
"B2200","10HL","IT","2002",52293
"B2200","10HL","LT","2002",0
"B2200","10HL","LU","2002",135
"B2200","10HL","LV","2002",0
"B2200","10HL","MT","2002",66.6
"B2200","10HL","NL","2002",0
"B2200","10HL","PT","2002",7790
"B2200","10HL","SK","2002",531.78
"B2200","10HL","UK","2002",16
"B2200","10HL","AT","2001",2338
"B2200","10HL","BE","2001",2
"B2200","10HL","BG","2001",3549
"B2200","10HL","CZ","2001",520
"B2200","10HL","DE","2001",9950
"B2200","10HL","DK","2001",0
"B2200","10HL","EE","2001",0
"B2200","10HL","EL","2001",3558
"B2200","10HL","ES","2001",45572
"B2200","10HL","FI","2001",0
"B2200","10HL","FR","2001",59740
"B2200","10HL","IE","2001",0
"B2200","10HL","IT","2001",54088
"B2200","10HL","LT","2001",0
"B2200","10HL","LU","2001",132
"B2200","10HL","LV","2001",0
"B2200","10HL","MT","2001",60.6
"B2200","10HL","NL","2001",0
"B2200","10HL","PT","2001",6709
"B2200","10HL","RO","2001",5090
"B2200","10HL","SK","2001",531.78
"B2200","10HL","UK","2001",14
"B2200","10HL","AT","2000",2803
"B2200","10HL","BE","2000",2
"B2200","10HL","BG","2000",1714
"B2200","10HL","CZ","2000",540
"B2200","10HL","DE","2000",12244
"B2200","10HL","DK","2000",0
"B2200","10HL","EE","2000",0
"B2200","10HL","EL","2000",3680
"B2200","10HL","ES","2000",37908
"B2200","10HL","EU15","2000",186582
"B2200","10HL","FI","2000",0
"B2200","10HL","FR","2000",62935
"B2200","10HL","IE","2000",0
"B2200","10HL","IT","2000",58954
"B2200","10HL","LT","2000",0
"B2200","10HL","LU","2000",184
"B2200","10HL","LV","2000",0
"B2200","10HL","MT","2000",65.2
"B2200","10HL","NL","2000",0
"B2200","10HL","PT","2000",7859
"B2200","10HL","RO","2000",6054
"B2200","10HL","SE","2000",0
"B2200","10HL","SK","2000",489
"B2200","10HL","UK","2000",13
"B2200","10HL","AT","1999",2703
"B2200","10HL","BE","1999",2
"B2200","10HL","DE","1999",10727
"B2200","10HL","DK","1999",0
"B2200","10HL","EL","1999",3826
"B2200","10HL","ES","1999",34714
"B2200","10HL","EU15","1999",168076
"B2200","10HL","FI","1999",0
"B2200","10HL","FR","1999",54271
"B2200","10HL","IE","1999",0
"B2200","10HL","IT","1999",57913
"B2200","10HL","LU","1999",159
"B2200","10HL","NL","1999",0
"B2200","10HL","PT","1999",3750
"B2200","10HL","SE","1999",0
"B2200","10HL","UK","1999",11
"B2200","10HL","AT","1998",1802
"B2200","10HL","BE","1998",2
"B2200","10HL","DE","1998",8394
"B2200","10HL","DK","1998",0
"B2200","10HL","EL","1998",3980
"B2200","10HL","ES","1998",37720
"B2200","10HL","EU15","1998",164110
"B2200","10HL","FI","1998",0
"B2200","10HL","FR","1998",55112
"B2200","10HL","IE","1998",0
"B2200","10HL","IT","1998",50894
"B2200","10HL","LU","1998",75
"B2200","10HL","NL","1998",0
"B2200","10HL","PT","1998",6124
"B2200","10HL","SE","1998",0
"B2200","10HL","UK","1998",7
"B2200","10HL","AT","1997",2110
"B2200","10HL","BE","1997",2
"B2200","10HL","DE","1997",8678
"B2200","10HL","DK","1997",0
"B2200","10HL","EL","1997",4105
"B2200","10HL","ES","1997",32729
"B2200","10HL","EU15","1997",174206
"B2200","10HL","FI","1997",0
"B2200","10HL","FR","1997",59650
"B2200","10HL","IE","1997",0
"B2200","10HL","IT","1997",57065
"B2200","10HL","LU","1997",128
"B2200","10HL","NL","1997",0
"B2200","10HL","PT","1997",9712
"B2200","10HL","SE","1997",0
"B2200","10HL","UK","1997",27
"B2200","10HL","AT","1996",2229
"B2200","10HL","BE","1996",2
"B2200","10HL","DE","1996",8361
"B2200","10HL","DK","1996",0
"B2200","10HL","EL","1996",3875
"B2200","10HL","ES","1996",22381
"B2200","10HL","EU15","1996",156078
"B2200","10HL","FI","1996",0
"B2200","10HL","FR","1996",55610
"B2200","10HL","IE","1996",0
"B2200","10HL","IT","1996",56202
"B2200","10HL","LU","1996",150
"B2200","10HL","NL","1996",0
"B2200","10HL","PT","1996",7255
"B2200","10HL","SE","1996",0
"B2200","10HL","UK","1996",13
"B2200","10HL","AT","1995",2647
"B2200","10HL","BE","1995",2
"B2200","10HL","DE","1995",10406
"B2200","10HL","DK","1995",0
"B2200","10HL","EL","1995",3051
"B2200","10HL","ES","1995",21954
"B2200","10HL","EU15","1995",158690
"B2200","10HL","FI","1995",0
"B2200","10HL","FR","1995",54640
"B2200","10HL","IE","1995",0
"B2200","10HL","IT","1995",59276
"B2200","10HL","LU","1995",175
"B2200","10HL","NL","1995",0
"B2200","10HL","PT","1995",6521
"B2200","10HL","SE","1995",0
"B2200","10HL","UK","1995",18
"B2200","10HL","AT","1994",1866
"B2200","10HL","BE","1994",2
"B2200","10HL","DE","1994",9970
"B2200","10HL","DK","1994",0
"B2200","10HL","EL","1994",3378
"B2200","10HL","ES","1994",29602
"B2200","10HL","EU15","1994",165779
"B2200","10HL","FI","1994",0
"B2200","10HL","FR","1994",53284
"B2200","10HL","IE","1994",0
"B2200","10HL","IT","1994",62618
"B2200","10HL","LU","1994",170
"B2200","10HL","NL","1994",0
"B2200","10HL","PT","1994",4871
"B2200","10HL","SE","1994",0
"B2200","10HL","UK","1994",18
"B2200","10HL","AT","1993",2590
"B2200","10HL","BE","1993",2
"B2200","10HL","DE","1993",13487
"B2200","10HL","DK","1993",0
"B2200","10HL","EL","1993",4050
"B2200","10HL","ES","1993",37981
"B2200","10HL","EU15","1993",200265
"B2200","10HL","FI","1993",0
"B2200","10HL","FR","1993",65401
"B2200","10HL","IE","1993",0
"B2200","10HL","IT","1993",68686
"B2200","10HL","LU","1993",271
"B2200","10HL","NL","1993",0
"B2200","10HL","PT","1993",7771
"B2200","10HL","SE","1993",0
"B2200","10HL","UK","1993",26
"B2200","10HL","AT","1992",3093
"B2200","10HL","BE","1992",1
"B2200","10HL","DE","1992",10704
"B2200","10HL","DK","1992",0
"B2200","10HL","EL","1992",4022
"B2200","10HL","ES","1992",33324
"B2200","10HL","EU15","1992",163743
"B2200","10HL","FI","1992",0
"B2200","10HL","FR","1992",42689
"B2200","10HL","IE","1992",0
"B2200","10HL","IT","1992",59788
"B2200","10HL","LU","1992",86
"B2200","10HL","NL","1992",0
"B2200","10HL","PT","1992",10021
"B2200","10HL","SE","1992",0
"B2200","10HL","UK","1992",15
"B2200","10HL","AT","1991",3166
"B2200","10HL","BE","1991",2
"B2200","10HL","DE","1991",9510
"B2200","10HL","DK","1991",0
"B2200","10HL","EL","1991",3526
"B2200","10HL","ES","1991",42231
"B2200","10HL","EU15","1991",190348
"B2200","10HL","FI","1991",0
"B2200","10HL","FR","1991",65530
"B2200","10HL","IE","1991",0
"B2200","10HL","IT","1991",54866
"B2200","10HL","LU","1991",151
"B2200","10HL","NL","1991",0
"B2200","10HL","PT","1991",11351
"B2200","10HL","SE","1991",0
"B2200","10HL","UK","1991",15
"B2200","10HL","AT","1990",2581
"B2200","10HL","BE","1990",2
"B2200","10HL","DEW","1990",14491
"B2200","10HL","DK","1990",0
"B2200","10HL","EL","1990",4532
"B2200","10HL","ES","1990",32444
"B2200","10HL","FI","1990",0
"B2200","10HL","FR","1990",61058
"B2200","10HL","IE","1990",0
"B2200","10HL","IT","1990",60327
"B2200","10HL","LU","1990",232
"B2200","10HL","NL","1990",0
"B2200","10HL","PT","1990",7901
"B2200","10HL","SE","1990",0
"B2200","10HL","UK","1990",21
"B2200","10HL","AT","1989",3502
"B2200","10HL","BE","1989",2
"B2200","10HL","DEW","1989",9981
"B2200","10HL","DK","1989",0
"B2200","10HL","EL","1989",4345
"B2200","10HL","ES","1989",23249
"B2200","10HL","FI","1989",0
"B2200","10HL","FR","1989",57620
"B2200","10HL","IE","1989",0
"B2200","10HL","IT","1989",61010
"B2200","10HL","LU","1989",142
"B2200","10HL","NL","1989",0
"B2200","10HL","PT","1989",3938
"B2200","10HL","SE","1989",0
"B2200","10HL","UK","1989",6
"B2200","10HL","AT","1988",2184
"B2200","10HL","BE","1988",2
"B2200","10HL","DEW","1988",9713
"B2200","10HL","DK","1988",0
"B2200","10HL","EL","1988",4467
"B2200","10HL","ES","1988",41481
"B2200","10HL","FI","1988",0
"B2200","10HL","FR","1988",69340
"B2200","10HL","IE","1988",0
"B2200","10HL","IT","1988",75822
"B2200","10HL","LU","1988",142
"B2200","10HL","NL","1988",0
"B2200","10HL","PT","1988",11047
"B2200","10HL","SE","1988",0
"B2200","10HL","UK","1988",5
"B2200","10HL","AT","1987",2230
"B2200","10HL","BE","1987",2
"B2200","10HL","DEW","1987",10921
"B2200","10HL","DK","1987",0
"B2200","10HL","EL","1987",4334
"B2200","10HL","ES","1987",37042
"B2200","10HL","FI","1987",0
"B2200","10HL","FR","1987",73974
"B2200","10HL","IE","1987",0
"B2200","10HL","IT","1987",76962
"B2200","10HL","LU","1987",160
"B2200","10HL","NL","1987",0
"B2200","10HL","PT","1987",8017
"B2200","10HL","SE","1987",0
"B2200","10HL","UK","1987",8
"B2200","10HL","AT","1986",1126
"B2200","10HL","BE","1986",2
"B2200","10HL","DEW","1986",6102
"B2200","10HL","DK","1986",0
"B2200","10HL","EL","1986",4782
"B2200","10HL","ES","1986",34511
"B2200","10HL","FI","1986",0
"B2200","10HL","FR","1986",71297
"B2200","10HL","IE","1986",0
"B2200","10HL","IT","1986",62340
"B2200","10HL","LU","1986",107
"B2200","10HL","NL","1986",0
"B2200","10HL","PT","1986",9893
"B2200","10HL","SE","1986",0
"B2200","10HL","UK","1986",6
"B2200","10HL","AT","1985",2519
"B2200","10HL","BE","1985",2
"B2200","10HL","DEW","1985",8887
"B2200","10HL","DK","1985",0
"B2200","10HL","EL","1985",5025
"B2200","10HL","ES","1985",36249
"B2200","10HL","FI","1985",0
"B2200","10HL","FR","1985",64360
"B2200","10HL","IE","1985",0
"B2200","10HL","IT","1985",70900
"B2200","10HL","LU","1985",152
"B2200","10HL","NL","1985",0
"B2200","10HL","PT","1985",8655
"B2200","10HL","SE","1985",0
"B2200","10HL","UK","1985",15
"B2200","10HL","AT","1984",3698
"B2200","10HL","BE","1984",2
"B2200","10HL","DEW","1984",13397
"B2200","10HL","DK","1984",0
"B2200","10HL","EL","1984",5250
"B2200","10HL","ES","1984",32465
"B2200","10HL","FR","1984",68547
"B2200","10HL","IE","1984",0
"B2200","10HL","IT","1984",82200
"B2200","10HL","LU","1984",185
"B2200","10HL","NL","1984",0
"B2200","10HL","PT","1984",8483
"B2200","10HL","UK","1984",20
"B2200","10HL","BE","1983",3
"B2200","10HL","DEW","1983",16133
"B2200","10HL","DK","1983",0
"B2200","10HL","EL","1983",4500
"B2200","10HL","ES","1983",39219
"B2200","10HL","FR","1983",79953
"B2200","10HL","IE","1983",0
"B2200","10HL","IT","1983",72648
"B2200","10HL","LU","1983",256
"B2200","10HL","NL","1983",0
"B2200","10HL","PT","1983",8489
"B2200","10HL","UK","1983",7
"B2200","10HL","BE","1982",4
"B2200","10HL","DEW","1982",7485
"B2200","10HL","DK","1982",0
"B2200","10HL","EL","1982",5470
"B2200","10HL","FR","1982",57702
"B2200","10HL","IE","1982",0
"B2200","10HL","IT","1982",70500
"B2200","10HL","LU","1982",97
"B2200","10HL","NL","1982",0
"B2200","10HL","PT","1982",10290
"B2200","10HL","UK","1982",2
"B2200","10HL","BE","1981",4
"B2200","10HL","DEW","1981",4872
"B2200","10HL","DK","1981",0
"B2200","10HL","EL","1981",5395
"B2200","10HL","FR","1981",69984
"B2200","10HL","IE","1981",0
"B2200","10HL","IT","1981",84750
"B2200","10HL","LU","1981",50
"B2200","10HL","NL","1981",0
"B2200","10HL","PT","1981",9095
"B2200","10HL","UK","1981",2
"B2200","10HL","BE","1980",4
"B2200","10HL","DEW","1980",8667
"B2200","10HL","DK","1980",0
"B2200","10HL","EL","1980",5243
"B2200","10HL","FR","1980",84490
"B2200","10HL","IE","1980",0
"B2200","10HL","IT","1980",84837
"B2200","10HL","LU","1980",62
"B2200","10HL","NL","1980",0
"B2200","10HL","PT","1980",10290
"B2200","10HL","UK","1980",1
"B2200","10HL","BE","1979",4
"B2200","10HL","DEW","1979",7847
"B2200","10HL","DK","1979",0
"B2200","10HL","EL","1979",5606
"B2200","10HL","FR","1979",58589
"B2200","10HL","IE","1979",0
"B2200","10HL","IT","1979",72439
"B2200","10HL","LU","1979",72
"B2200","10HL","NL","1979",0
"B2200","10HL","UK","1979",1
"B2200","10HL","BE","1978",4
"B2200","10HL","DEW","1978",11283
"B2200","10HL","DK","1978",0
"B2200","10HL","EL","1978",5183
"B2200","10HL","FR","1978",52870
"B2200","10HL","IE","1978",0
"B2200","10HL","IT","1978",64482
"B2200","10HL","LU","1978",155
"B2200","10HL","NL","1978",0
"B2200","10HL","UK","1978",1
"B2200","10HL","BE","1977",4
"B2200","10HL","DEW","1977",8936
"B2200","10HL","DK","1977",0
"B2200","10HL","EL","1977",5637
"B2200","10HL","FR","1977",73729
"B2200","10HL","IE","1977",0
"B2200","10HL","IT","1977",66050
"B2200","10HL","LU","1977",128
"B2200","10HL","NL","1977",0
"B2200","10HL","UK","1977",3
"B2200","10HL","BE","1976",4
"B2200","10HL","DEW","1976",9108
"B2200","10HL","DK","1976",0
"B2200","10HL","EL","1976",4747
"B2200","10HL","FR","1976",66354
"B2200","10HL","IE","1976",0
"B2200","10HL","IT","1976",70134
"B2200","10HL","LU","1976",157
"B2200","10HL","NL","1976",0
"B2200","10HL","UK","1976",2
"B2200","10HL","BE","1975",4
"B2200","10HL","DEW","1975",6969
"B2200","10HL","DK","1975",0
"B2200","10HL","EL","1975",5698
"B2200","10HL","FR","1975",76338
"B2200","10HL","IE","1975",0
"B2200","10HL","IT","1975",77167
"B2200","10HL","LU","1975",138
"B2200","10HL","NL","1975",0
"B2200","10HL","UK","1975",1
"B2200","10HL","BE","1974",5
"B2200","10HL","DEW","1974",10756
"B2200","10HL","DK","1974",0
"B2200","10HL","EL","1974",5079
"B2200","10HL","FR","1974",83056
"B2200","10HL","IE","1974",0
"B2200","10HL","IT","1974",77046
"B2200","10HL","LU","1974",186
"B2200","10HL","NL","1974",0
"B2200","10HL","UK","1974",1
"B2200","10HL","BE","1973",5
"B2200","10HL","DEW","1973",7938
"B2200","10HL","DK","1973",0
"B2200","10HL","EL","1973",5820
"B2200","10HL","FR","1973",59110
"B2200","10HL","IE","1973",0
"B2200","10HL","IT","1973",60524
"B2200","10HL","LU","1973",140
"B2200","10HL","NL","1973",0
"B2200","10HL","UK","1973",1
"B2200","10HL","BE","1972",10
"B2200","10HL","DEW","1972",6361
"B2200","10HL","DK","1972",0
"B2200","10HL","EL","1972",4771
"B2200","10HL","FR","1972",61937
"B2200","10HL","IE","1972",0
"B2200","10HL","IT","1972",64540
"B2200","10HL","LU","1972",104
"B2200","10HL","NL","1972",0
"B2200","10HL","UK","1972",1
"B2200","10HL","BE","1971",10
"B2200","10HL","DEW","1971",10117
"B2200","10HL","DK","1971",0
"B2200","10HL","FR","1971",74637
"B2200","10HL","IE","1971",0
"B2200","10HL","IT","1971",69176
"B2200","10HL","LU","1971",242
"B2200","10HL","NL","1971",0
"B2200","10HL","UK","1971",1
"B2200","10HL","BE","1970",10
"B2200","10HL","DEW","1970",6151
"B2200","10HL","DK","1970",0
"B2200","10HL","FR","1970",50019
"B2200","10HL","IE","1970",0
"B2200","10HL","IT","1970",71958
"B2200","10HL","LU","1970",122
"B2200","10HL","NL","1970",0
"B2200","10HL","UK","1970",0
"B2200","10HL","BE","1969",13
"B2200","10HL","DEW","1969",6294
"B2200","10HL","DK","1969",0
"B2200","10HL","FR","1969",65630
"B2200","10HL","IE","1969",0
"B2200","10HL","IT","1969",65621
"B2200","10HL","LU","1969",117
"B2200","10HL","NL","1969",0
"B2200","10HL","UK","1969",0
"B2200","10HL","BE","1968",5
"B2200","10HL","DEW","1968",6300
"B2200","10HL","DK","1968",0
"B2200","10HL","FR","1968",61233
"B2200","10HL","IE","1968",0
"B2200","10HL","LU","1968",124
"B2200","10HL","NL","1968",0
"B2200","10HL","UK","1968",0
"B2200","10HL","BE","1967",4
"B2200","10HL","DEW","1967",5235
"B2200","10HL","DK","1967",0
"B2200","10HL","FR","1967",61303
"B2200","10HL","IE","1967",0
"B2200","10HL","LU","1967",130
"B2200","10HL","NL","1967",0
"B2200","10HL","UK","1967",0
"B2200","10HL","BE","1966",3
"B2200","10HL","DEW","1966",5200
"B2200","10HL","DK","1966",0
"B2200","10HL","FR","1966",66967
"B2200","10HL","IE","1966",0
"B2200","10HL","LU","1966",113
"B2200","10HL","NL","1966",0
"B2200","10HL","UK","1966",0
"B2200","10HL","BE","1965",3
"B2200","10HL","DEW","1965",7185
"B2200","10HL","DK","1965",0
"B2200","10HL","FR","1965",61033
"B2200","10HL","IE","1965",0
"B2200","10HL","LU","1965",165
"B2200","10HL","NL","1965",0
"B2200","10HL","UK","1965",0
